timestamp,kumex,kumex-okex_arb
2020-05-23 23:59:00,9188.5,-9.049999999999272
2020-05-24 00:00:00,9188.5,-9.049999999999272
2020-05-24 00:01:00,9185.5,-5.549999999999272
2020-05-24 00:02:00,9188.5,-8.950000000000728
2020-05-24 00:03:00,9196.5,-5.549999999999272
2020-05-24 00:04:00,9197.5,-5.950000000000728
2020-05-24 00:05:00,9203.5,-4.049999999999272
2020-05-24 00:06:00,9202.5,-3.25
2020-05-24 00:07:00,9198.5,-4.650000000001455
2020-05-24 00:08:00,9197.5,-2.5499999999992724
2020-05-24 00:09:00,9185.5,-4.549999999999272
2020-05-24 00:10:00,9184.5,-3.75
2020-05-24 00:11:00,9178.5,-2.9500000000007276
2020-05-24 00:12:00,9174.5,-2.0499999999992724
2020-05-24 00:13:00,9164.5,-3.5499999999992724
2020-05-24 00:14:00,9154.0,-3.75
2020-05-24 00:15:00,9155.5,-3.650000000001455
2020-05-24 00:16:00,9153.0,-0.049999999999272404
2020-05-24 00:17:00,9156.5,-4.549999999999272
2020-05-24 00:18:00,9156.5,-2.650000000001455
2020-05-24 00:19:00,9148.5,-4.75
2020-05-24 00:20:00,9149.5,-1.4500000000007276
2020-05-24 00:21:00,9148.5,-1.6500000000014552
2020-05-24 00:22:00,9151.5,-2.349999999998545
2020-05-24 00:23:00,9158.5,-2.349999999998545
2020-05-24 00:24:00,9156.5,-1.5499999999992724
2020-05-24 00:25:00,9155.5,-2.5499999999992724
2020-05-24 00:26:00,9148.5,-0.75
2020-05-24 00:27:00,9150.5,-0.3499999999985448
2020-05-24 00:28:00,9148.5,4.049999999999272
2020-05-24 00:29:00,9148.5,2.650000000001455
2020-05-24 00:30:00,9140.5,-0.1500000000014552
2020-05-24 00:31:00,9160.5,-1.1500000000014552
2020-05-24 00:32:00,9160.5,3.4500000000007276
2020-05-24 00:33:00,9157.5,2.349999999998545
2020-05-24 00:34:00,9150.5,0.1500000000014552
2020-05-24 00:35:00,9158.5,0.6500000000014552
2020-05-24 00:36:00,9160.5,-2.650000000001455
2020-05-24 00:37:00,9171.5,0.8499999999985448
2020-05-24 00:38:00,9164.5,0.25
2020-05-24 00:39:00,9166.5,-0.75
2020-05-24 00:40:00,9164.5,0.049999999999272404
2020-05-24 00:41:00,9164.5,-0.9500000000007276
2020-05-24 00:42:00,9169.5,-0.5499999999992724
2020-05-24 00:43:00,9169.5,-0.5499999999992724
2020-05-24 00:44:00,9150.5,-2.349999999998545
2020-05-24 00:45:00,9158.5,-1.4500000000007276
2020-05-24 00:46:00,9157.5,-6.950000000000728
2020-05-24 00:47:00,9166.5,-1.1500000000014552
2020-05-24 00:48:00,9173.0,-3.150000000001455
2020-05-24 00:49:00,9174.5,-2.4500000000007276
2020-05-24 00:50:00,9174.5,-1.3499999999985448
2020-05-24 00:51:00,9175.5,-0.9500000000007276
2020-05-24 00:52:00,9169.5,-2.5499999999992724
2020-05-24 00:53:00,9171.5,-2.9500000000007276
2020-05-24 00:54:00,9171.5,-2.9500000000007276
2020-05-24 00:55:00,9168.5,-1.3499999999985448
2020-05-24 00:56:00,9169.5,-3.349999999998545
2020-05-24 00:57:00,9169.5,-3.0499999999992724
2020-05-24 00:58:00,9168.0,-3.349999999998545
2020-05-24 00:59:00,9173.5,-1.1500000000014552
2020-05-24 01:00:00,9172.5,0.5499999999992724
2020-05-24 01:01:00,9174.5,1.25
2020-05-24 01:02:00,9175.5,-4.150000000001455
2020-05-24 01:03:00,9187.5,-1.5499999999992724
2020-05-24 01:04:00,9187.5,-3.9500000000007276
2020-05-24 01:05:00,9189.0,-1.3499999999985448
2020-05-24 01:06:00,9188.5,-2.0499999999992724
2020-05-24 01:07:00,9192.0,-1.3499999999985448
2020-05-24 01:08:00,9195.0,-2.650000000001455
2020-05-24 01:09:00,9195.5,-4.049999999999272
2020-05-24 01:10:00,9187.0,-1.5499999999992724
2020-05-24 01:11:00,9185.5,-0.1500000000014552
2020-05-24 01:12:00,9183.5,-2.5499999999992724
2020-05-24 01:13:00,9185.5,-1.4500000000007276
2020-05-24 01:14:00,9183.5,-1.9500000000007276
2020-05-24 01:15:00,9181.5,-1.75
2020-05-24 01:16:00,9185.5,-0.75
2020-05-24 01:17:00,9187.5,-2.349999999998545
2020-05-24 01:18:00,9192.5,-1.25
2020-05-24 01:19:00,9189.5,-1.3499999999985448
2020-05-24 01:20:00,9184.5,0.1500000000014552
2020-05-24 01:21:00,9180.5,-0.3499999999985448
2020-05-24 01:22:00,9175.5,-1.0499999999992724
2020-05-24 01:23:00,9172.0,-0.25
2020-05-24 01:24:00,9172.5,0.1500000000014552
2020-05-24 01:25:00,9174.5,-0.049999999999272404
2020-05-24 01:26:00,9170.5,0.4500000000007276
2020-05-24 01:27:00,9166.5,-0.3499999999985448
2020-05-24 01:28:00,9164.5,-1.4500000000007276
2020-05-24 01:29:00,9163.5,-0.5499999999992724
2020-05-24 01:30:00,9159.5,1.8499999999985448
2020-05-24 01:31:00,9166.5,-2.150000000001455
2020-05-24 01:32:00,9170.5,0.75
2020-05-24 01:33:00,9168.5,-0.8499999999985448
2020-05-24 01:34:00,9168.5,-0.8499999999985448
2020-05-24 01:35:00,9173.5,-0.4500000000007276
2020-05-24 01:36:00,9171.5,-1.1500000000014552
2020-05-24 01:37:00,9166.5,-0.5499999999992724
2020-05-24 01:38:00,9165.5,-1.9500000000007276
2020-05-24 01:39:00,9171.5,-0.049999999999272404
2020-05-24 01:40:00,9169.5,-1.6500000000014552
2020-05-24 01:41:00,9173.5,0.6500000000014552
2020-05-24 01:42:00,9174.5,-1.4500000000007276
2020-05-24 01:43:00,9170.5,-1.6500000000014552
2020-05-24 01:44:00,9173.5,-1.1500000000014552
2020-05-24 01:45:00,9169.5,0.049999999999272404
2020-05-24 01:46:00,9174.5,-4.25
2020-05-24 01:47:00,9179.5,-0.9000000000014552
2020-05-24 01:48:00,9179.0,-0.9500000000007276
2020-05-24 01:49:00,9176.5,-0.9500000000007276
2020-05-24 01:50:00,9177.0,-1.25
2020-05-24 01:51:00,9177.5,-1.5499999999992724
2020-05-24 01:52:00,9179.5,-1.4500000000007276
2020-05-24 01:53:00,9182.5,-1.75
2020-05-24 01:54:00,9182.5,3.349999999998545
2020-05-24 01:55:00,9182.5,3.349999999998545
2020-05-24 01:56:00,9180.5,1.3499999999985448
2020-05-24 01:57:00,9177.0,0.049999999999272404
2020-05-24 01:58:00,9177.5,1.9500000000007276
2020-05-24 01:59:00,9177.5,1.5499999999992724
2020-05-24 02:00:00,9177.5,-0.25
2020-05-24 02:01:00,9177.5,2.75
2020-05-24 02:02:00,9184.5,-0.4500000000007276
2020-05-24 02:03:00,9186.5,-1.0499999999992724
2020-05-24 02:04:00,9184.5,-0.3499999999985448
2020-05-24 02:05:00,9185.5,-1.0499999999992724
2020-05-24 02:06:00,9188.5,0.5499999999992724
2020-05-24 02:07:00,9187.5,-0.3499999999985448
2020-05-24 02:08:00,9197.5,-0.4500000000007276
2020-05-24 02:09:00,9197.5,-1.9500000000007276
2020-05-24 02:10:00,9193.5,-2.849999999998545
2020-05-24 02:11:00,9192.5,-0.3499999999985448
2020-05-24 02:12:00,9187.5,-0.25
2020-05-24 02:13:00,9158.5,-1.9500000000007276
2020-05-24 02:14:00,9164.5,-2.9500000000007276
2020-05-24 02:15:00,9163.5,-1.25
2020-05-24 02:16:00,9157.5,-2.25
2020-05-24 02:17:00,9158.0,-1.6500000000014552
2020-05-24 02:18:00,9167.0,-0.75
2020-05-24 02:19:00,9160.0,-1.25
2020-05-24 02:20:00,9163.5,-0.25
2020-05-24 02:21:00,9170.5,0.9500000000007276
2020-05-24 02:22:00,9168.5,-1.5499999999992724
2020-05-24 02:23:00,9168.5,-1.4500000000007276
2020-05-24 02:24:00,9163.0,1.6500000000014552
2020-05-24 02:25:00,9158.5,0.25
2020-05-24 02:26:00,9163.5,0.049999999999272404
2020-05-24 02:27:00,9164.5,0.9500000000007276
2020-05-24 02:28:00,9164.5,1.4500000000007276
2020-05-24 02:29:00,9166.5,0.8499999999985448
2020-05-24 02:30:00,9158.5,1.4500000000007276
2020-05-24 02:31:00,9153.5,0.1500000000014552
2020-05-24 02:32:00,9153.5,1.75
2020-05-24 02:33:00,9153.5,1.5499999999992724
2020-05-24 02:34:00,9162.5,2.5499999999992724
2020-05-24 02:35:00,9162.5,0.25
2020-05-24 02:36:00,9163.5,0.6500000000014552
2020-05-24 02:37:00,9165.5,1.4500000000007276
2020-05-24 02:38:00,9165.5,1.0499999999992724
2020-05-24 02:39:00,9166.5,1.5499999999992724
2020-05-24 02:40:00,9166.5,-2.0499999999992724
2020-05-24 02:41:00,9165.5,1.1500000000014552
2020-05-24 02:42:00,9164.5,0.1500000000014552
2020-05-24 02:43:00,9164.5,-0.4500000000007276
2020-05-24 02:44:00,9168.0,-0.6500000000014552
2020-05-24 02:45:00,9164.5,0.4500000000007276
2020-05-24 02:46:00,9161.0,1.9500000000007276
2020-05-24 02:47:00,9153.5,0.3499999999985448
2020-05-24 02:48:00,9156.0,0.75
2020-05-24 02:49:00,9156.5,1.5499999999992724
2020-05-24 02:50:00,9156.5,1.5499999999992724
2020-05-24 02:51:00,9157.5,0.049999999999272404
2020-05-24 02:52:00,9160.5,0.049999999999272404
2020-05-24 02:53:00,9165.5,-0.3499999999985448
2020-05-24 02:54:00,9164.5,-1.3499999999985448
2020-05-24 02:55:00,9158.5,-1.1500000000014552
2020-05-24 02:56:00,9154.5,0.3499999999985448
2020-05-24 02:57:00,9155.5,-1.1500000000014552
2020-05-24 02:58:00,9153.5,-1.25
2020-05-24 02:59:00,9153.5,-0.9500000000007276
2020-05-24 03:00:00,9161.5,-1.1500000000014552
2020-05-24 03:01:00,9161.5,-1.25
2020-05-24 03:02:00,9160.5,-0.75
2020-05-24 03:03:00,9145.5,0.4500000000007276
2020-05-24 03:04:00,9139.5,0.75
2020-05-24 03:05:00,9132.5,-2.25
2020-05-24 03:06:00,9137.5,-2.849999999998545
2020-05-24 03:07:00,9139.5,0.1500000000014552
2020-05-24 03:08:00,9138.5,1.25
2020-05-24 03:09:00,9138.5,-6.450000000000728
2020-05-24 03:10:00,9131.5,-3.349999999998545
2020-05-24 03:11:00,9142.5,-2.5499999999992724
2020-05-24 03:12:00,9143.5,-1.4500000000007276
2020-05-24 03:13:00,9148.5,-1.5499999999992724
2020-05-24 03:14:00,9175.0,-2.25
2020-05-24 03:15:00,9175.0,-2.0499999999992724
2020-05-24 03:16:00,9182.5,-3.849999999998545
2020-05-24 03:17:00,9182.5,2.0499999999992724
2020-05-24 03:18:00,9172.5,-2.9500000000007276
2020-05-24 03:19:00,9170.5,-4.049999999999272
2020-05-24 03:20:00,9169.5,-4.75
2020-05-24 03:21:00,9168.5,-3.849999999998545
2020-05-24 03:22:00,9177.0,-3.849999999998545
2020-05-24 03:23:00,9176.5,-6.450000000000728
2020-05-24 03:24:00,9182.5,-4.75
2020-05-24 03:25:00,9177.5,-5.150000000001455
2020-05-24 03:26:00,9177.5,-3.650000000001455
2020-05-24 03:27:00,9180.5,-3.5499999999992724
2020-05-24 03:28:00,9180.5,-4.849999999998545
2020-05-24 03:29:00,9185.5,-4.349999999998545
2020-05-24 03:30:00,9185.0,-3.849999999998545
2020-05-24 03:31:00,9182.5,-4.75
2020-05-24 03:32:00,9180.5,-3.650000000001455
2020-05-24 03:33:00,9179.5,-2.75
2020-05-24 03:34:00,9179.5,-4.650000000001455
2020-05-24 03:35:00,9179.5,-3.849999999998545
2020-05-24 03:36:00,9172.5,-4.75
2020-05-24 03:37:00,9177.5,-1.4500000000007276
2020-05-24 03:38:00,9177.5,-1.8499999999985448
2020-05-24 03:39:00,9183.5,-0.25
2020-05-24 03:40:00,9184.5,-3.0499999999992724
2020-05-24 03:41:00,9184.5,-3.0499999999992724
2020-05-24 03:42:00,9185.5,-5.950000000000728
2020-05-24 03:43:00,9189.5,-3.5499999999992724
2020-05-24 03:44:00,9190.5,1.6500000000014552
2020-05-24 03:45:00,9186.5,-2.150000000001455
2020-05-24 03:46:00,9179.5,-1.9500000000007276
2020-05-24 03:47:00,9181.5,-3.75
2020-05-24 03:48:00,9179.5,-2.650000000001455
2020-05-24 03:49:00,9179.5,-3.25
2020-05-24 03:50:00,9179.5,-2.349999999998545
2020-05-24 03:51:00,9184.5,-3.5499999999992724
2020-05-24 03:52:00,9180.5,-0.9500000000007276
2020-05-24 03:53:00,9179.5,-2.650000000001455
2020-05-24 03:54:00,9179.5,-4.349999999998545
2020-05-24 03:55:00,9183.5,-2.0499999999992724
2020-05-24 03:56:00,9184.5,1.25
2020-05-24 03:57:00,9184.5,0.6500000000014552
2020-05-24 03:58:00,9180.5,-1.4500000000007276
2020-05-24 03:59:00,9180.5,-0.5499999999992724
2020-05-24 04:00:00,9179.5,-0.3499999999985448
2020-05-24 04:01:00,9179.5,-2.0499999999992724
2020-05-24 04:02:00,9180.5,-2.5499999999992724
2020-05-24 04:03:00,9188.5,-4.150000000001455
2020-05-24 04:04:00,9188.5,-2.5499999999992724
2020-05-24 04:05:00,9186.5,-2.5499999999992724
2020-05-24 04:06:00,9165.5,-0.8499999999985448
2020-05-24 04:07:00,9170.5,-0.9500000000007276
2020-05-24 04:08:00,9170.5,-0.9500000000007276
2020-05-24 04:09:00,9166.5,1.4500000000007276
2020-05-24 04:10:00,9166.5,0.049999999999272404
2020-05-24 04:11:00,9166.5,2.25
2020-05-24 04:12:00,9166.5,0.6500000000014552
2020-05-24 04:13:00,9166.5,1.4500000000007276
2020-05-24 04:14:00,9170.5,-0.8499999999985448
2020-05-24 04:15:00,9177.5,-1.1500000000014552
2020-05-24 04:16:00,9177.5,-0.4500000000007276
2020-05-24 04:17:00,9178.5,-1.3499999999985448
2020-05-24 04:18:00,9178.5,-1.3499999999985448
2020-05-24 04:19:00,9178.5,-0.1500000000014552
2020-05-24 04:20:00,9180.5,0.049999999999272404
2020-05-24 04:21:00,9180.5,0.1500000000014552
2020-05-24 04:22:00,9180.5,0.049999999999272404
2020-05-24 04:23:00,9184.5,1.3499999999985448
2020-05-24 04:24:00,9183.5,0.3499999999985448
2020-05-24 04:25:00,9179.5,-1.4500000000007276
2020-05-24 04:26:00,9180.5,-4.049999999999272
2020-05-24 04:27:00,9186.5,-1.1500000000014552
2020-05-24 04:28:00,9186.5,-1.1500000000014552
2020-05-24 04:29:00,9187.5,-0.9500000000007276
2020-05-24 04:30:00,9181.5,-3.150000000001455
2020-05-24 04:31:00,9188.5,-1.75
2020-05-24 04:32:00,9188.5,-5.450000000000728
2020-05-24 04:33:00,9194.5,-2.4500000000007276
2020-05-24 04:34:00,9190.5,-0.5499999999992724
2020-05-24 04:35:00,9194.5,-9.349999999998545
2020-05-24 04:36:00,9194.5,-5.450000000000728
2020-05-24 04:37:00,9194.5,-6.450000000000728
2020-05-24 04:38:00,9194.5,-5.150000000001455
2020-05-24 04:39:00,9195.5,-9.049999999999272
2020-05-24 04:40:00,9199.5,-5.349999999998545
2020-05-24 04:41:00,9197.5,-5.450000000000728
2020-05-24 04:42:00,9200.5,-8.25
2020-05-24 04:43:00,9207.5,-4.849999999998545
2020-05-24 04:44:00,9228.5,-3.4500000000007276
2020-05-24 04:45:00,9220.0,-4.049999999999272
2020-05-24 04:46:00,9230.5,-2.25
2020-05-24 04:47:00,9231.5,-5.049999999999272
2020-05-24 04:48:00,9228.0,-4.25
2020-05-24 04:49:00,9228.5,-3.349999999998545
2020-05-24 04:50:00,9228.5,-3.349999999998545
2020-05-24 04:51:00,9228.5,-3.349999999998545
2020-05-24 04:52:00,9229.5,-4.950000000000728
2020-05-24 04:53:00,9232.5,-7.650000000001455
2020-05-24 04:54:00,9232.5,-9.150000000001455
2020-05-24 04:55:00,9231.5,-3.9500000000007276
2020-05-24 04:56:00,9231.5,-5.349999999998545
2020-05-24 04:57:00,9231.5,-5.349999999998545
2020-05-24 04:58:00,9231.5,-5.349999999998545
2020-05-24 04:59:00,9226.5,-5.349999999998545
2020-05-24 05:00:00,9226.5,-5.349999999998545
2020-05-24 05:01:00,9229.5,-5.650000000001455
2020-05-24 05:02:00,9232.5,-6.549999999999272
2020-05-24 05:03:00,9232.5,-5.849999999998545
2020-05-24 05:04:00,9232.5,-3.150000000001455
2020-05-24 05:05:00,9230.5,-2.5499999999992724
2020-05-24 05:06:00,9228.5,-3.349999999998545
2020-05-24 05:07:00,9228.5,-3.349999999998545
2020-05-24 05:08:00,9226.5,5.049999999999272
2020-05-24 05:09:00,9220.5,5.450000000000728
2020-05-24 05:10:00,9220.5,1.8499999999985448
2020-05-24 05:11:00,9224.5,2.75
2020-05-24 05:12:00,9224.5,1.4500000000007276
2020-05-24 05:13:00,9224.5,2.650000000001455
2020-05-24 05:14:00,9224.5,5.75
2020-05-24 05:15:00,9219.5,2.650000000001455
2020-05-24 05:16:00,9220.5,0.5499999999992724
2020-05-24 05:17:00,9228.5,-1.4500000000007276
2020-05-24 05:18:00,9228.5,2.25
2020-05-24 05:19:00,9228.5,2.150000000001455
2020-05-24 05:20:00,9237.5,2.9500000000007276
2020-05-24 05:21:00,9237.5,0.4500000000007276
2020-05-24 05:22:00,9231.0,-0.5499999999992724
2020-05-24 05:23:00,9227.5,-0.25
2020-05-24 05:24:00,9226.5,-0.049999999999272404
2020-05-24 05:25:00,9218.5,2.5499999999992724
2020-05-24 05:26:00,9217.5,-0.4500000000007276
2020-05-24 05:27:00,9217.5,1.1500000000014552
2020-05-24 05:28:00,9209.0,0.1500000000014552
2020-05-24 05:29:00,9213.5,0.25
2020-05-24 05:30:00,9219.5,1.6500000000014552
2020-05-24 05:31:00,9219.5,2.4500000000007276
2020-05-24 05:32:00,9224.5,-0.6500000000014552
2020-05-24 05:33:00,9228.5,3.4500000000007276
2020-05-24 05:34:00,9228.5,3.4500000000007276
2020-05-24 05:35:00,9228.5,3.650000000001455
2020-05-24 05:36:00,9224.5,1.6500000000014552
2020-05-24 05:37:00,9221.5,5.150000000001455
2020-05-24 05:38:00,9221.5,5.150000000001455
2020-05-24 05:39:00,9216.0,2.75
2020-05-24 05:40:00,9211.5,1.25
2020-05-24 05:41:00,9212.5,0.9500000000007276
2020-05-24 05:42:00,9215.5,1.8499999999985448
2020-05-24 05:43:00,9215.5,0.3499999999985448
2020-05-24 05:44:00,9215.5,-0.3499999999985448
2020-05-24 05:45:00,9216.5,-1.0499999999992724
2020-05-24 05:46:00,9216.5,-1.0499999999992724
2020-05-24 05:47:00,9216.5,-4.049999999999272
2020-05-24 05:48:00,9216.5,-4.049999999999272
2020-05-24 05:49:00,9216.5,-4.049999999999272
2020-05-24 05:50:00,9224.5,-0.4500000000007276
2020-05-24 05:51:00,9226.5,-2.4500000000007276
2020-05-24 05:52:00,9222.5,-2.4500000000007276
2020-05-24 05:53:00,9220.5,-0.4500000000007276
2020-05-24 05:54:00,9219.5,-1.6500000000014552
2020-05-24 05:55:00,9219.5,-1.3499999999985448
2020-05-24 05:56:00,9225.5,-1.5499999999992724
2020-05-24 05:57:00,9221.5,-0.5499999999992724
2020-05-24 05:58:00,9221.5,-0.5499999999992724
2020-05-24 05:59:00,9221.5,-1.3499999999985448
2020-05-24 06:00:00,9221.5,-2.4500000000007276
2020-05-24 06:01:00,9226.5,-1.9500000000007276
2020-05-24 06:02:00,9227.5,-0.9500000000007276
2020-05-24 06:03:00,9220.5,0.1500000000014552
2020-05-24 06:04:00,9220.5,-1.6500000000014552
2020-05-24 06:05:00,9217.5,-0.25
2020-05-24 06:06:00,9219.5,-2.5499999999992724
2020-05-24 06:07:00,9221.5,-3.4500000000007276
2020-05-24 06:08:00,9225.5,-3.0499999999992724
2020-05-24 06:09:00,9227.0,-2.25
2020-05-24 06:10:00,9231.5,-1.4500000000007276
2020-05-24 06:11:00,9239.5,-3.4500000000007276
2020-05-24 06:12:00,9238.5,0.049999999999272404
2020-05-24 06:13:00,9238.5,-0.049999999999272404
2020-05-24 06:14:00,9235.5,1.9500000000007276
2020-05-24 06:15:00,9234.5,-1.5499999999992724
2020-05-24 06:16:00,9234.5,0.9500000000007276
2020-05-24 06:17:00,9228.5,1.5499999999992724
2020-05-24 06:18:00,9228.5,-0.5499999999992724
2020-05-24 06:19:00,9232.5,-1.0499999999992724
2020-05-24 06:20:00,9231.5,-0.3499999999985448
2020-05-24 06:21:00,9234.5,-1.4500000000007276
2020-05-24 06:22:00,9238.5,-0.8499999999985448
2020-05-24 06:23:00,9237.5,0.5499999999992724
2020-05-24 06:24:00,9232.5,-0.049999999999272404
2020-05-24 06:25:00,9234.5,1.4500000000007276
2020-05-24 06:26:00,9234.5,0.6500000000014552
2020-05-24 06:27:00,9234.5,0.1500000000014552
2020-05-24 06:28:00,9230.5,0.5499999999992724
2020-05-24 06:29:00,9226.5,1.0499999999992724
2020-05-24 06:30:00,9226.5,-0.6500000000014552
2020-05-24 06:31:00,9228.5,-1.4500000000007276
2020-05-24 06:32:00,9224.5,0.4500000000007276
2020-05-24 06:33:00,9226.5,0.75
2020-05-24 06:34:00,9222.5,1.1500000000014552
2020-05-24 06:35:00,9228.5,-0.4500000000007276
2020-05-24 06:36:00,9226.5,-0.25
2020-05-24 06:37:00,9223.5,0.4500000000007276
2020-05-24 06:38:00,9222.5,-0.049999999999272404
2020-05-24 06:39:00,9222.5,1.0499999999992724
2020-05-24 06:40:00,9219.5,0.4500000000007276
2020-05-24 06:41:00,9220.5,0.4500000000007276
2020-05-24 06:42:00,9217.5,1.6500000000014552
2020-05-24 06:43:00,9217.5,2.150000000001455
2020-05-24 06:44:00,9217.5,5.150000000001455
2020-05-24 06:45:00,9211.5,1.0499999999992724
2020-05-24 06:46:00,9215.5,0.3499999999985448
2020-05-24 06:47:00,9217.5,1.0499999999992724
2020-05-24 06:48:00,9222.5,-0.4500000000007276
2020-05-24 06:49:00,9222.5,1.5499999999992724
2020-05-24 06:50:00,9222.5,1.4500000000007276
2020-05-24 06:51:00,9223.5,1.5499999999992724
2020-05-24 06:52:00,9223.5,0.5499999999992724
2020-05-24 06:53:00,9223.5,3.75
2020-05-24 06:54:00,9223.5,4.450000000000728
2020-05-24 06:55:00,9223.5,4.150000000001455
2020-05-24 06:56:00,9228.5,2.25
2020-05-24 06:57:00,9228.5,1.25
2020-05-24 06:58:00,9226.5,0.3499999999985448
2020-05-24 06:59:00,9226.5,0.1500000000014552
2020-05-24 07:00:00,9226.5,2.349999999998545
2020-05-24 07:01:00,9226.5,1.0499999999992724
2020-05-24 07:02:00,9226.5,0.5499999999992724
2020-05-24 07:03:00,9226.5,2.4500000000007276
2020-05-24 07:04:00,9226.5,2.5499999999992724
2020-05-24 07:05:00,9226.5,-0.3499999999985448
2020-05-24 07:06:00,9224.5,-0.049999999999272404
2020-05-24 07:07:00,9223.5,1.4500000000007276
2020-05-24 07:08:00,9223.5,3.0499999999992724
2020-05-24 07:09:00,9218.5,1.25
2020-05-24 07:10:00,9218.5,1.5499999999992724
2020-05-24 07:11:00,9216.5,1.1500000000014552
2020-05-24 07:12:00,9218.5,1.0499999999992724
2020-05-24 07:13:00,9219.5,2.75
2020-05-24 07:14:00,9219.5,1.3499999999985448
2020-05-24 07:15:00,9216.5,0.049999999999272404
2020-05-24 07:16:00,9215.5,0.1500000000014552
2020-05-24 07:17:00,9213.5,1.5499999999992724
2020-05-24 07:18:00,9210.5,1.3499999999985448
2020-05-24 07:19:00,9202.5,0.4500000000007276
2020-05-24 07:20:00,9204.5,-0.5499999999992724
2020-05-24 07:21:00,9208.0,-1.3499999999985448
2020-05-24 07:22:00,9205.5,2.25
2020-05-24 07:23:00,9203.5,2.349999999998545
2020-05-24 07:24:00,9195.5,5.950000000000728
2020-05-24 07:25:00,9191.5,1.4500000000007276
2020-05-24 07:26:00,9193.5,-0.3499999999985448
2020-05-24 07:27:00,9191.5,2.4500000000007276
2020-05-24 07:28:00,9185.5,-0.049999999999272404
2020-05-24 07:29:00,9185.5,-4.349999999998545
2020-05-24 07:30:00,9187.5,0.6500000000014552
2020-05-24 07:31:00,9177.5,-2.5499999999992724
2020-05-24 07:32:00,9188.5,-0.3499999999985448
2020-05-24 07:33:00,9192.5,-1.4500000000007276
2020-05-24 07:34:00,9195.0,-1.9500000000007276
2020-05-24 07:35:00,9194.0,0.9500000000007276
2020-05-24 07:36:00,9183.5,0.8499999999985448
2020-05-24 07:37:00,9173.5,-1.6500000000014552
2020-05-24 07:38:00,9163.5,-0.3499999999985448
2020-05-24 07:39:00,9164.5,-5.75
2020-05-24 07:40:00,9164.5,-4.650000000001455
2020-05-24 07:41:00,9158.0,-0.4500000000007276
2020-05-24 07:42:00,9159.5,-2.4500000000007276
2020-05-24 07:43:00,9165.5,-0.6500000000014552
2020-05-24 07:44:00,9156.5,-0.1500000000014552
2020-05-24 07:45:00,9165.5,-1.0499999999992724
2020-05-24 07:46:00,9178.5,2.5499999999992724
2020-05-24 07:47:00,9173.5,2.4500000000007276
2020-05-24 07:48:00,9174.5,0.75
2020-05-24 07:49:00,9171.5,2.25
2020-05-24 07:50:00,9169.5,4.450000000000728
2020-05-24 07:51:00,9174.5,-0.8499999999985448
2020-05-24 07:52:00,9174.5,1.1500000000014552
2020-05-24 07:53:00,9178.5,4.049999999999272
2020-05-24 07:54:00,9178.5,0.3499999999985448
2020-05-24 07:55:00,9178.5,2.0499999999992724
2020-05-24 07:56:00,9173.5,-0.3499999999985448
2020-05-24 07:57:00,9170.5,0.25
2020-05-24 07:58:00,9174.5,0.8499999999985448
2020-05-24 07:59:00,9175.5,-0.75
2020-05-24 08:00:00,9178.5,0.1500000000014552
2020-05-24 08:01:00,9163.5,-1.4500000000007276
2020-05-24 08:02:00,9164.5,-0.75
2020-05-24 08:03:00,9156.5,-1.5499999999992724
2020-05-24 08:04:00,9163.5,-1.1500000000014552
2020-05-24 08:05:00,9163.5,-1.1500000000014552
2020-05-24 08:06:00,9162.5,-1.5499999999992724
2020-05-24 08:07:00,9159.5,2.5499999999992724
2020-05-24 08:08:00,9142.5,2.150000000001455
2020-05-24 08:09:00,9147.5,-1.1500000000014552
2020-05-24 08:10:00,9128.5,0.4500000000007276
2020-05-24 08:11:00,9141.0,0.049999999999272404
2020-05-24 08:12:00,9141.0,-0.4500000000007276
2020-05-24 08:13:00,9149.0,1.25
2020-05-24 08:14:00,9151.5,0.1500000000014552
2020-05-24 08:15:00,9158.5,-0.1500000000014552
2020-05-24 08:16:00,9162.0,2.9500000000007276
2020-05-24 08:17:00,9165.0,0.1500000000014552
2020-05-24 08:18:00,9165.5,1.8499999999985448
2020-05-24 08:19:00,9167.5,1.8499999999985448
2020-05-24 08:20:00,9166.5,3.349999999998545
2020-05-24 08:21:00,9170.5,0.4500000000007276
2020-05-24 08:22:00,9180.5,0.5499999999992724
2020-05-24 08:23:00,9180.5,2.75
2020-05-24 08:24:00,9181.5,4.150000000001455
2020-05-24 08:25:00,9170.5,2.25
2020-05-24 08:26:00,9170.5,4.150000000001455
2020-05-24 08:27:00,9176.0,1.4500000000007276
2020-05-24 08:28:00,9174.0,1.75
2020-05-24 08:29:00,9176.5,1.9500000000007276
2020-05-24 08:30:00,9176.5,-1.75
2020-05-24 08:31:00,9179.5,-0.3499999999985448
2020-05-24 08:32:00,9178.5,1.0499999999992724
2020-05-24 08:33:00,9173.0,1.6500000000014552
2020-05-24 08:34:00,9175.5,0.25
2020-05-24 08:35:00,9181.0,0.9500000000007276
2020-05-24 08:36:00,9173.0,1.0499999999992724
2020-05-24 08:37:00,9183.5,1.5499999999992724
2020-05-24 08:38:00,9185.5,0.1500000000014552
2020-05-24 08:39:00,9186.5,-0.3499999999985448
2020-05-24 08:40:00,9180.5,-0.1500000000014552
2020-05-24 08:41:00,9179.5,-0.049999999999272404
2020-05-24 08:42:00,9180.5,-2.349999999998545
2020-05-24 08:43:00,9184.5,-1.4500000000007276
2020-05-24 08:44:00,9184.5,-3.5499999999992724
2020-05-24 08:45:00,9184.5,-4.75
2020-05-24 08:46:00,9187.5,-0.5499999999992724
2020-05-24 08:47:00,9189.5,1.4500000000007276
2020-05-24 08:48:00,9189.5,0.6500000000014552
2020-05-24 08:49:00,9208.5,0.5499999999992724
2020-05-24 08:50:00,9208.0,-0.1500000000014552
2020-05-24 08:51:00,9208.5,0.1500000000014552
2020-05-24 08:52:00,9209.5,-0.5499999999992724
2020-05-24 08:53:00,9201.5,4.150000000001455
2020-05-24 08:54:00,9201.5,2.25
2020-05-24 08:55:00,9204.5,0.5499999999992724
2020-05-24 08:56:00,9207.5,1.0499999999992724
2020-05-24 08:57:00,9203.5,0.1500000000014552
2020-05-24 08:58:00,9198.5,-0.1500000000014552
2020-05-24 08:59:00,9194.5,-0.5499999999992724
2020-05-24 09:00:00,9199.5,-0.4500000000007276
2020-05-24 09:01:00,9207.5,0.5499999999992724
2020-05-24 09:02:00,9207.5,0.25
2020-05-24 09:03:00,9207.5,0.4500000000007276
2020-05-24 09:04:00,9201.5,2.4500000000007276
2020-05-24 09:05:00,9202.5,2.75
2020-05-24 09:06:00,9198.5,3.25
2020-05-24 09:07:00,9191.0,1.75
2020-05-24 09:08:00,9193.5,2.349999999998545
2020-05-24 09:09:00,9196.5,0.8499999999985448
2020-05-24 09:10:00,9193.5,1.9500000000007276
2020-05-24 09:11:00,9202.5,1.9500000000007276
2020-05-24 09:12:00,9202.5,1.5499999999992724
2020-05-24 09:13:00,9202.5,1.5499999999992724
2020-05-24 09:14:00,9200.5,1.3499999999985448
2020-05-24 09:15:00,9192.5,1.5499999999992724
2020-05-24 09:16:00,9192.5,2.9500000000007276
2020-05-24 09:17:00,9194.5,-0.049999999999272404
2020-05-24 09:18:00,9193.5,1.4500000000007276
2020-05-24 09:19:00,9191.5,-0.5499999999992724
2020-05-24 09:20:00,9199.0,-1.9500000000007276
2020-05-24 09:21:00,9199.5,-0.4500000000007276
2020-05-24 09:22:00,9198.5,1.4500000000007276
2020-05-24 09:23:00,9199.5,-0.75
2020-05-24 09:24:00,9199.5,-0.75
2020-05-24 09:25:00,9200.5,-0.4500000000007276
2020-05-24 09:26:00,9200.5,-1.4500000000007276
2020-05-24 09:27:00,9204.5,2.650000000001455
2020-05-24 09:28:00,9206.5,-0.3499999999985448
2020-05-24 09:29:00,9207.5,-2.150000000001455
2020-05-24 09:30:00,9210.5,2.75
2020-05-24 09:31:00,9210.5,1.6500000000014552
2020-05-24 09:32:00,9196.5,-0.1500000000014552
2020-05-24 09:33:00,9193.5,-0.1500000000014552
2020-05-24 09:34:00,9192.5,0.4500000000007276
2020-05-24 09:35:00,9190.5,0.4500000000007276
2020-05-24 09:36:00,9191.5,1.4500000000007276
2020-05-24 09:37:00,9190.5,0.4500000000007276
2020-05-24 09:38:00,9181.5,-3.650000000001455
2020-05-24 09:39:00,9181.5,-3.150000000001455
2020-05-24 09:40:00,9181.5,-3.5499999999992724
2020-05-24 09:41:00,9177.5,-3.4500000000007276
2020-05-24 09:42:00,9176.5,-3.150000000001455
2020-05-24 09:43:00,9184.5,-3.5499999999992724
2020-05-24 09:44:00,9185.5,-3.25
2020-05-24 09:45:00,9189.5,-2.4500000000007276
2020-05-24 09:46:00,9192.5,-3.650000000001455
2020-05-24 09:47:00,9194.5,-3.4500000000007276
2020-05-24 09:48:00,9189.5,-5.150000000001455
2020-05-24 09:49:00,9186.5,-3.5499999999992724
2020-05-24 09:50:00,9186.5,-2.75
2020-05-24 09:51:00,9188.5,-3.5499999999992724
2020-05-24 09:52:00,9186.5,-2.349999999998545
2020-05-24 09:53:00,9181.5,-0.9500000000007276
2020-05-24 09:54:00,9182.5,-2.4500000000007276
2020-05-24 09:55:00,9174.5,-3.349999999998545
2020-05-24 09:56:00,9174.0,-3.0499999999992724
2020-05-24 09:57:00,9176.5,-2.849999999998545
2020-05-24 09:58:00,9181.5,-3.4500000000007276
2020-05-24 09:59:00,9177.5,-2.849999999998545
2020-05-24 10:00:00,9171.5,-2.349999999998545
2020-05-24 10:01:00,9181.5,-3.349999999998545
2020-05-24 10:02:00,9182.5,-3.0499999999992724
2020-05-24 10:03:00,9190.0,-1.6500000000014552
2020-05-24 10:04:00,9190.5,-1.25
2020-05-24 10:05:00,9191.5,-3.349999999998545
2020-05-24 10:06:00,9188.5,-1.0499999999992724
2020-05-24 10:07:00,9183.5,-0.6500000000014552
2020-05-24 10:08:00,9183.5,-0.9500000000007276
2020-05-24 10:09:00,9186.5,-1.3499999999985448
2020-05-24 10:10:00,9185.5,-2.25
2020-05-24 10:11:00,9190.5,-3.849999999998545
2020-05-24 10:12:00,9190.5,-2.4500000000007276
2020-05-24 10:13:00,9190.5,-1.5499999999992724
2020-05-24 10:14:00,9190.5,-6.450000000000728
2020-05-24 10:15:00,9190.5,-2.650000000001455
2020-05-24 10:16:00,9190.5,-1.9500000000007276
2020-05-24 10:17:00,9190.5,-5.450000000000728
2020-05-24 10:18:00,9193.5,-8.349999999998545
2020-05-24 10:19:00,9201.5,-4.450000000000728
2020-05-24 10:20:00,9205.0,-2.150000000001455
2020-05-24 10:21:00,9213.0,-2.150000000001455
2020-05-24 10:22:00,9212.0,-1.4500000000007276
2020-05-24 10:23:00,9213.5,-3.75
2020-05-24 10:24:00,9207.5,-2.5499999999992724
2020-05-24 10:25:00,9213.0,-2.0499999999992724
2020-05-24 10:26:00,9213.5,-2.75
2020-05-24 10:27:00,9215.5,-1.75
2020-05-24 10:28:00,9216.5,-1.4500000000007276
2020-05-24 10:29:00,9220.5,-1.4500000000007276
2020-05-24 10:30:00,9220.5,1.4500000000007276
2020-05-24 10:31:00,9226.5,-1.4500000000007276
2020-05-24 10:32:00,9222.5,0.25
2020-05-24 10:33:00,9213.5,-0.6500000000014552
2020-05-24 10:34:00,9210.0,0.049999999999272404
2020-05-24 10:35:00,9210.5,1.5499999999992724
2020-05-24 10:36:00,9212.5,-0.1500000000014552
2020-05-24 10:37:00,9218.5,-1.3499999999985448
2020-05-24 10:38:00,9216.5,0.4500000000007276
2020-05-24 10:39:00,9211.5,0.25
2020-05-24 10:40:00,9212.5,-1.0499999999992724
2020-05-24 10:41:00,9209.5,0.4500000000007276
2020-05-24 10:42:00,9206.5,0.5499999999992724
2020-05-24 10:43:00,9204.5,-1.4500000000007276
2020-05-24 10:44:00,9204.5,-1.4500000000007276
2020-05-24 10:45:00,9199.5,-1.5499999999992724
2020-05-24 10:46:00,9199.5,-5.849999999998545
2020-05-24 10:47:00,9204.5,-3.75
2020-05-24 10:48:00,9204.5,-3.5499999999992724
2020-05-24 10:49:00,9204.0,-2.25
2020-05-24 10:50:00,9204.5,-4.849999999998545
2020-05-24 10:51:00,9211.5,-3.0499999999992724
2020-05-24 10:52:00,9209.5,-2.5499999999992724
2020-05-24 10:53:00,9211.5,-2.4500000000007276
2020-05-24 10:54:00,9204.5,-1.75
2020-05-24 10:55:00,9205.5,-2.849999999998545
2020-05-24 10:56:00,9205.5,-4.049999999999272
2020-05-24 10:57:00,9204.5,-1.5499999999992724
2020-05-24 10:58:00,9201.5,-1.8499999999985448
2020-05-24 10:59:00,9196.5,-3.5499999999992724
2020-05-24 11:00:00,9196.5,-4.25
2020-05-24 11:01:00,9208.5,-3.150000000001455
2020-05-24 11:02:00,9208.5,-2.849999999998545
2020-05-24 11:03:00,9208.5,-2.849999999998545
2020-05-24 11:04:00,9202.0,-1.6500000000014552
2020-05-24 11:05:00,9193.5,-3.25
2020-05-24 11:06:00,9194.5,-2.5499999999992724
2020-05-24 11:07:00,9185.5,-2.5499999999992724
2020-05-24 11:08:00,9186.5,-4.950000000000728
2020-05-24 11:09:00,9182.5,-2.650000000001455
2020-05-24 11:10:00,9179.5,-5.549999999999272
2020-05-24 11:11:00,9184.5,-4.650000000001455
2020-05-24 11:12:00,9198.0,-4.100000000000364
2020-05-24 11:13:00,9200.0,-2.9500000000007276
2020-05-24 11:14:00,9199.5,-2.349999999998545
2020-05-24 11:15:00,9197.5,-1.6500000000014552
2020-05-24 11:16:00,9197.5,-1.4500000000007276
2020-05-24 11:17:00,9197.5,-1.4500000000007276
2020-05-24 11:18:00,9206.0,-2.25
2020-05-24 11:19:00,9188.0,-2.650000000001455
2020-05-24 11:20:00,9188.0,-2.0499999999992724
2020-05-24 11:21:00,9191.5,-2.150000000001455
2020-05-24 11:22:00,9190.5,-3.150000000001455
2020-05-24 11:23:00,9193.5,-0.1500000000014552
2020-05-24 11:24:00,9192.5,-0.8499999999985448
2020-05-24 11:25:00,9193.5,-1.4500000000007276
2020-05-24 11:26:00,9198.5,-2.5499999999992724
2020-05-24 11:27:00,9200.5,-1.75
2020-05-24 11:28:00,9198.5,-2.5499999999992724
2020-05-24 11:29:00,9199.5,-2.4500000000007276
2020-05-24 11:30:00,9198.5,-1.75
2020-05-24 11:31:00,9207.5,-2.349999999998545
2020-05-24 11:32:00,9206.5,-2.650000000001455
2020-05-24 11:33:00,9203.5,-3.4500000000007276
2020-05-24 11:34:00,9202.5,-2.5499999999992724
2020-05-24 11:35:00,9202.5,-2.5499999999992724
2020-05-24 11:36:00,9199.5,-3.25
2020-05-24 11:37:00,9199.5,-2.349999999998545
2020-05-24 11:38:00,9199.5,-2.349999999998545
2020-05-24 11:39:00,9199.5,-5.849999999998545
2020-05-24 11:40:00,9199.5,-5.950000000000728
2020-05-24 11:41:00,9207.5,-2.349999999998545
2020-05-24 11:42:00,9205.5,-3.0499999999992724
2020-05-24 11:43:00,9206.5,-2.0499999999992724
2020-05-24 11:44:00,9204.5,-1.9500000000007276
2020-05-24 11:45:00,9200.5,-2.150000000001455
2020-05-24 11:46:00,9201.5,-2.650000000001455
2020-05-24 11:47:00,9206.5,-3.4500000000007276
2020-05-24 11:48:00,9203.5,-3.0499999999992724
2020-05-24 11:49:00,9206.5,-2.75
2020-05-24 11:50:00,9207.5,-2.4500000000007276
2020-05-24 11:51:00,9207.5,-3.4500000000007276
2020-05-24 11:52:00,9207.5,-1.3499999999985448
2020-05-24 11:53:00,9202.5,-2.150000000001455
2020-05-24 11:54:00,9198.0,-2.0499999999992724
2020-05-24 11:55:00,9197.5,-0.6500000000014552
2020-05-24 11:56:00,9202.5,-0.1500000000014552
2020-05-24 11:57:00,9204.5,1.25
2020-05-24 11:58:00,9204.5,2.75
2020-05-24 11:59:00,9200.5,0.75
2020-05-24 12:00:00,9196.5,1.1500000000014552
2020-05-24 12:01:00,9204.5,0.1500000000014552
2020-05-24 12:02:00,9204.5,-1.25
2020-05-24 12:03:00,9211.5,2.150000000001455
2020-05-24 12:04:00,9211.5,0.25
2020-05-24 12:05:00,9211.5,-0.5499999999992724
2020-05-24 12:06:00,9211.5,-0.5499999999992724
2020-05-24 12:07:00,9205.5,-0.9500000000007276
2020-05-24 12:08:00,9207.5,-1.3499999999985448
2020-05-24 12:09:00,9208.5,-1.0499999999992724
2020-05-24 12:10:00,9208.5,-0.25
2020-05-24 12:11:00,9209.5,-1.75
2020-05-24 12:12:00,9202.5,-0.75
2020-05-24 12:13:00,9203.5,-0.4500000000007276
2020-05-24 12:14:00,9207.5,-0.049999999999272404
2020-05-24 12:15:00,9205.5,-1.0499999999992724
2020-05-24 12:16:00,9207.5,-0.4500000000007276
2020-05-24 12:17:00,9210.5,-0.6500000000014552
2020-05-24 12:18:00,9209.5,-1.4500000000007276
2020-05-24 12:19:00,9210.5,-0.9500000000007276
2020-05-24 12:20:00,9212.5,0.049999999999272404
2020-05-24 12:21:00,9209.5,-1.25
2020-05-24 12:22:00,9212.5,-0.9500000000007276
2020-05-24 12:23:00,9216.5,1.75
2020-05-24 12:24:00,9213.5,-0.1500000000014552
2020-05-24 12:25:00,9217.5,0.4500000000007276
2020-05-24 12:26:00,9216.5,-1.3499999999985448
2020-05-24 12:27:00,9205.0,-1.9500000000007276
2020-05-24 12:28:00,9204.5,-1.4500000000007276
2020-05-24 12:29:00,9204.5,-0.5499999999992724
2020-05-24 12:30:00,9203.5,0.5499999999992724
2020-05-24 12:31:00,9206.0,-2.0499999999992724
2020-05-24 12:32:00,9207.5,-3.4500000000007276
2020-05-24 12:33:00,9207.5,-1.1500000000014552
2020-05-24 12:34:00,9207.5,-3.25
2020-05-24 12:35:00,9207.5,-4.450000000000728
2020-05-24 12:36:00,9207.5,-4.549999999999272
2020-05-24 12:37:00,9213.5,-1.4500000000007276
2020-05-24 12:38:00,9212.5,-1.75
2020-05-24 12:39:00,9210.5,-1.0499999999992724
2020-05-24 12:40:00,9203.5,-1.4500000000007276
2020-05-24 12:41:00,9205.0,-2.150000000001455
2020-05-24 12:42:00,9200.0,-2.75
2020-05-24 12:43:00,9198.0,-2.0499999999992724
2020-05-24 12:44:00,9197.5,-2.9500000000007276
2020-05-24 12:45:00,9199.5,-2.349999999998545
2020-05-24 12:46:00,9199.5,-2.349999999998545
2020-05-24 12:47:00,9199.5,-2.0499999999992724
2020-05-24 12:48:00,9196.5,-2.4500000000007276
2020-05-24 12:49:00,9196.5,-1.8499999999985448
2020-05-24 12:50:00,9194.5,-3.25
2020-05-24 12:51:00,9198.5,-2.4500000000007276
2020-05-24 12:52:00,9202.5,-4.150000000001455
2020-05-24 12:53:00,9202.5,-2.150000000001455
2020-05-24 12:54:00,9202.5,-1.9500000000007276
2020-05-24 12:55:00,9202.5,-6.049999999999272
2020-05-24 12:56:00,9202.5,-3.650000000001455
2020-05-24 12:57:00,9200.5,-2.25
2020-05-24 12:58:00,9191.5,-3.4500000000007276
2020-05-24 12:59:00,9194.5,-2.0499999999992724
2020-05-24 13:00:00,9190.5,-1.0499999999992724
2020-05-24 13:01:00,9196.5,-1.1500000000014552
2020-05-24 13:02:00,9195.5,-3.5499999999992724
2020-05-24 13:03:00,9195.5,-2.650000000001455
2020-05-24 13:04:00,9190.5,-0.5499999999992724
2020-05-24 13:05:00,9189.5,-1.9500000000007276
2020-05-24 13:06:00,9191.5,-1.75
2020-05-24 13:07:00,9194.5,-1.6500000000014552
2020-05-24 13:08:00,9191.5,-3.5499999999992724
2020-05-24 13:09:00,9189.5,-3.0499999999992724
2020-05-24 13:10:00,9184.5,-1.5499999999992724
2020-05-24 13:11:00,9190.5,-3.349999999998545
2020-05-24 13:12:00,9189.5,-3.650000000001455
2020-05-24 13:13:00,9196.5,-2.650000000001455
2020-05-24 13:14:00,9193.5,-2.650000000001455
2020-05-24 13:15:00,9194.5,-3.4500000000007276
2020-05-24 13:16:00,9196.5,-3.4500000000007276
2020-05-24 13:17:00,9202.5,-2.4500000000007276
2020-05-24 13:18:00,9202.5,-5.75
2020-05-24 13:19:00,9208.5,-1.25
2020-05-24 13:20:00,9206.0,-1.3499999999985448
2020-05-24 13:21:00,9204.5,-2.25
2020-05-24 13:22:00,9203.5,-1.3499999999985448
2020-05-24 13:23:00,9207.5,-2.0499999999992724
2020-05-24 13:24:00,9208.5,-1.25
2020-05-24 13:25:00,9208.5,-1.1500000000014552
2020-05-24 13:26:00,9208.5,-1.75
2020-05-24 13:27:00,9207.5,-2.5499999999992724
2020-05-24 13:28:00,9210.5,-1.25
2020-05-24 13:29:00,9210.0,-2.0499999999992724
2020-05-24 13:30:00,9207.5,-3.25
2020-05-24 13:31:00,9207.5,-3.0499999999992724
2020-05-24 13:32:00,9200.5,-1.75
2020-05-24 13:33:00,9199.5,-4.849999999998545
2020-05-24 13:34:00,9203.5,-5.25
2020-05-24 13:35:00,9203.5,-6.049999999999272
2020-05-24 13:36:00,9210.5,-2.5499999999992724
2020-05-24 13:37:00,9209.5,-3.25
2020-05-24 13:38:00,9209.5,-4.950000000000728
2020-05-24 13:39:00,9208.5,-3.150000000001455
2020-05-24 13:40:00,9206.5,-3.5499999999992724
2020-05-24 13:41:00,9206.5,-3.5499999999992724
2020-05-24 13:42:00,9206.5,-2.9500000000007276
2020-05-24 13:43:00,9202.5,-2.4500000000007276
2020-05-24 13:44:00,9200.5,-3.75
2020-05-24 13:45:00,9200.5,-6.950000000000728
2020-05-24 13:46:00,9200.5,-5.049999999999272
2020-05-24 13:47:00,9205.5,-3.349999999998545
2020-05-24 13:48:00,9203.5,-3.75
2020-05-24 13:49:00,9204.5,-3.4500000000007276
2020-05-24 13:50:00,9201.5,-5.650000000001455
2020-05-24 13:51:00,9201.5,-4.950000000000728
2020-05-24 13:52:00,9200.5,-2.849999999998545
2020-05-24 13:53:00,9200.5,-3.650000000001455
2020-05-24 13:54:00,9200.5,-3.650000000001455
2020-05-24 13:55:00,9200.5,-2.349999999998545
2020-05-24 13:56:00,9200.5,-3.650000000001455
2020-05-24 13:57:00,9200.5,-2.4500000000007276
2020-05-24 13:58:00,9200.5,-2.4500000000007276
2020-05-24 13:59:00,9199.5,-3.349999999998545
2020-05-24 14:00:00,9199.5,-5.450000000000728
2020-05-24 14:01:00,9211.5,-2.849999999998545
2020-05-24 14:02:00,9209.5,-6.150000000001455
2020-05-24 14:03:00,9231.0,-2.0499999999992724
2020-05-24 14:04:00,9257.5,-3.75
2020-05-24 14:05:00,9275.5,-4.349999999998545
2020-05-24 14:06:00,9266.0,-0.25
2020-05-24 14:07:00,9273.0,-1.1500000000014552
2020-05-24 14:08:00,9273.5,-1.4500000000007276
2020-05-24 14:09:00,9281.5,-3.4500000000007276
2020-05-24 14:10:00,9276.5,-1.3499999999985448
2020-05-24 14:11:00,9272.0,0.8499999999985448
2020-05-24 14:12:00,9281.5,2.0499999999992724
2020-05-24 14:13:00,9273.5,-1.5499999999992724
2020-05-24 14:14:00,9278.5,-1.1500000000014552
2020-05-24 14:15:00,9279.5,-0.049999999999272404
2020-05-24 14:16:00,9289.5,0.1500000000014552
2020-05-24 14:17:00,9292.5,-1.1500000000014552
2020-05-24 14:18:00,9288.5,1.3499999999985448
2020-05-24 14:19:00,9287.5,2.4500000000007276
2020-05-24 14:20:00,9284.5,-0.049999999999272404
2020-05-24 14:21:00,9273.5,-0.5499999999992724
2020-05-24 14:22:00,9273.5,-2.150000000001455
2020-05-24 14:23:00,9271.0,1.3499999999985448
2020-05-24 14:24:00,9270.5,-2.75
2020-05-24 14:25:00,9269.5,-3.4500000000007276
2020-05-24 14:26:00,9281.5,-2.150000000001455
2020-05-24 14:27:00,9279.5,-4.349999999998545
2020-05-24 14:28:00,9278.5,-2.0499999999992724
2020-05-24 14:29:00,9275.5,-1.5499999999992724
2020-05-24 14:30:00,9273.5,-3.9500000000007276
2020-05-24 14:31:00,9281.5,-1.4500000000007276
2020-05-24 14:32:00,9280.5,-2.4500000000007276
2020-05-24 14:33:00,9285.5,-2.0499999999992724
2020-05-24 14:34:00,9282.5,1.75
2020-05-24 14:35:00,9272.5,-2.0499999999992724
2020-05-24 14:36:00,9275.5,-0.8499999999985448
2020-05-24 14:37:00,9274.5,-1.3499999999985448
2020-05-24 14:38:00,9267.5,-3.150000000001455
2020-05-24 14:39:00,9272.5,-3.849999999998545
2020-05-24 14:40:00,9272.5,-1.8499999999985448
2020-05-24 14:41:00,9272.5,-3.349999999998545
2020-05-24 14:42:00,9265.5,-2.75
2020-05-24 14:43:00,9265.5,-1.9500000000007276
2020-05-24 14:44:00,9262.5,-4.75
2020-05-24 14:45:00,9268.5,-5.349999999998545
2020-05-24 14:46:00,9277.5,-6.349999999998545
2020-05-24 14:47:00,9275.5,-4.549999999999272
2020-05-24 14:48:00,9271.5,-3.75
2020-05-24 14:49:00,9265.5,-1.0499999999992724
2020-05-24 14:50:00,9265.5,-0.8499999999985448
2020-05-24 14:51:00,9265.5,-1.9500000000007276
2020-05-24 14:52:00,9265.5,-3.4500000000007276
2020-05-24 14:53:00,9265.5,-4.150000000001455
2020-05-24 14:54:00,9270.5,-4.549999999999272
2020-05-24 14:55:00,9270.5,-6.450000000000728
2020-05-24 14:56:00,9270.5,-5.450000000000728
2020-05-24 14:57:00,9271.5,-5.450000000000728
2020-05-24 14:58:00,9272.5,-4.75
2020-05-24 14:59:00,9268.5,-3.5499999999992724
2020-05-24 15:00:00,9267.5,-5.75
2020-05-24 15:01:00,9276.5,-7.549999999999272
2020-05-24 15:02:00,9277.5,-5.150000000001455
2020-05-24 15:03:00,9274.5,-7.349999999998545
2020-05-24 15:04:00,9274.5,-6.75
2020-05-24 15:05:00,9266.5,-4.450000000000728
2020-05-24 15:06:00,9265.5,-3.75
2020-05-24 15:07:00,9265.5,-5.25
2020-05-24 15:08:00,9268.5,-6.450000000000728
2020-05-24 15:09:00,9271.5,-7.450000000000728
2020-05-24 15:10:00,9273.5,-9.549999999999272
2020-05-24 15:11:00,9273.5,-7.049999999999272
2020-05-24 15:12:00,9273.5,-9.450000000000728
2020-05-24 15:13:00,9276.5,-6.950000000000728
2020-05-24 15:14:00,9272.5,-5.549999999999272
2020-05-24 15:15:00,9271.5,-3.9500000000007276
2020-05-24 15:16:00,9267.5,-5.450000000000728
2020-05-24 15:17:00,9266.5,-2.899999999999636
2020-05-24 15:18:00,9267.5,-4.950000000000728
2020-05-24 15:19:00,9268.5,-4.950000000000728
2020-05-24 15:20:00,9270.5,-4.549999999999272
2020-05-24 15:21:00,9271.5,-5.349999999998545
2020-05-24 15:22:00,9270.5,-5.349999999998545
2020-05-24 15:23:00,9269.5,-0.5499999999992724
2020-05-24 15:24:00,9269.5,-3.5499999999992724
2020-05-24 15:25:00,9265.5,-6.049999999999272
2020-05-24 15:26:00,9266.5,-4.549999999999272
2020-05-24 15:27:00,9261.5,-6.200000000000728
2020-05-24 15:28:00,9269.5,-6.549999999999272
2020-05-24 15:29:00,9266.5,-5.450000000000728
2020-05-24 15:30:00,9272.5,-5.450000000000728
2020-05-24 15:31:00,9272.5,-4.549999999999272
2020-05-24 15:32:00,9271.5,-5.549999999999272
2020-05-24 15:33:00,9271.5,-4.549999999999272
2020-05-24 15:34:00,9271.5,-4.049999999999272
2020-05-24 15:35:00,9270.5,-4.849999999998545
2020-05-24 15:36:00,9273.5,-5.450000000000728
2020-05-24 15:37:00,9276.5,-5.349999999998545
2020-05-24 15:38:00,9276.5,-3.5499999999992724
2020-05-24 15:39:00,9269.5,-5.75
2020-05-24 15:40:00,9270.5,-2.9500000000007276
2020-05-24 15:41:00,9265.5,-5.549999999999272
2020-05-24 15:42:00,9262.5,-5.950000000000728
2020-05-24 15:43:00,9262.5,-5.549999999999272
2020-05-24 15:44:00,9262.5,-6.25
2020-05-24 15:45:00,9261.5,-6.049999999999272
2020-05-24 15:46:00,9264.5,-7.049999999999272
2020-05-24 15:47:00,9264.5,-4.549999999999272
2020-05-24 15:48:00,9264.5,-6.150000000001455
2020-05-24 15:49:00,9264.5,-6.049999999999272
2020-05-24 15:50:00,9254.5,-4.450000000000728
2020-05-24 15:51:00,9250.5,-4.849999999998545
2020-05-24 15:52:00,9253.5,-5.450000000000728
2020-05-24 15:53:00,9253.5,-5.450000000000728
2020-05-24 15:54:00,9250.5,-3.849999999998545
2020-05-24 15:55:00,9252.0,-3.650000000001455
2020-05-24 15:56:00,9250.0,-4.549999999999272
2020-05-24 15:57:00,9248.5,-3.0499999999992724
2020-05-24 15:58:00,9245.5,-2.4500000000007276
2020-05-24 15:59:00,9237.5,-5.150000000001455
2020-05-24 16:00:00,9250.0,-4.950000000000728
2020-05-24 16:01:00,9262.5,-4.650000000001455
2020-05-24 16:02:00,9261.5,-5.25
2020-05-24 16:03:00,9263.5,-5.849999999998545
2020-05-24 16:04:00,9258.5,-4.450000000000728
2020-05-24 16:05:00,9258.5,-4.450000000000728
2020-05-24 16:06:00,9258.5,-4.450000000000728
2020-05-24 16:07:00,9252.0,-4.049999999999272
2020-05-24 16:08:00,9252.5,-3.650000000001455
2020-05-24 16:09:00,9246.5,-3.5499999999992724
2020-05-24 16:10:00,9247.5,-4.849999999998545
2020-05-24 16:11:00,9239.5,-4.150000000001455
2020-05-24 16:12:00,9239.0,-3.75
2020-05-24 16:13:00,9235.5,-5.049999999999272
2020-05-24 16:14:00,9241.5,-6.25
2020-05-24 16:15:00,9241.5,-5.75
2020-05-24 16:16:00,9240.5,-7.650000000001455
2020-05-24 16:17:00,9249.0,-4.549999999999272
2020-05-24 16:18:00,9248.5,-5.049999999999272
2020-05-24 16:19:00,9248.5,-5.049999999999272
2020-05-24 16:20:00,9248.5,-5.049999999999272
2020-05-24 16:21:00,9248.5,-3.5499999999992724
2020-05-24 16:22:00,9248.5,-5.049999999999272
2020-05-24 16:23:00,9245.5,-4.950000000000728
2020-05-24 16:24:00,9245.5,-5.25
2020-05-24 16:25:00,9245.5,-4.549999999999272
2020-05-24 16:26:00,9240.5,-5.650000000001455
2020-05-24 16:27:00,9244.5,-3.9500000000007276
2020-05-24 16:28:00,9244.5,-5.349999999998545
2020-05-24 16:29:00,9242.5,-5.049999999999272
2020-05-24 16:30:00,9245.5,-6.849999999998545
2020-05-24 16:31:00,9245.5,-5.349999999998545
2020-05-24 16:32:00,9245.5,-5.049999999999272
2020-05-24 16:33:00,9244.5,-3.5499999999992724
2020-05-24 16:34:00,9244.5,-5.549999999999272
2020-05-24 16:35:00,9247.5,-5.25
2020-05-24 16:36:00,9249.0,-4.650000000001455
2020-05-24 16:37:00,9248.5,-4.650000000001455
2020-05-24 16:38:00,9252.5,-6.549999999999272
2020-05-24 16:39:00,9252.5,-5.450000000000728
2020-05-24 16:40:00,9252.5,-4.549999999999272
2020-05-24 16:41:00,9252.5,-7.349999999998545
2020-05-24 16:42:00,9256.0,-4.25
2020-05-24 16:43:00,9260.5,-4.450000000000728
2020-05-24 16:44:00,9260.5,-4.650000000001455
2020-05-24 16:45:00,9260.5,-7.450000000000728
2020-05-24 16:46:00,9260.5,-6.549999999999272
2020-05-24 16:47:00,9258.5,-3.349999999998545
2020-05-24 16:48:00,9256.5,-3.5499999999992724
2020-05-24 16:49:00,9256.5,-3.5499999999992724
2020-05-24 16:50:00,9256.5,-3.5499999999992724
2020-05-24 16:51:00,9256.5,-3.5499999999992724
2020-05-24 16:52:00,9256.5,-3.5499999999992724
2020-05-24 16:53:00,9256.5,-3.5499999999992724
2020-05-24 16:54:00,9256.5,-3.5499999999992724
2020-05-24 16:55:00,9256.5,-4.450000000000728
2020-05-24 16:56:00,9258.5,-4.450000000000728
2020-05-24 16:57:00,9258.5,-3.650000000001455
2020-05-24 16:58:00,9261.5,-3.4500000000007276
2020-05-24 16:59:00,9257.5,-3.4500000000007276
2020-05-24 17:00:00,9256.5,-3.650000000001455
2020-05-24 17:01:00,9256.5,-3.5499999999992724
2020-05-24 17:02:00,9253.5,-4.75
2020-05-24 17:03:00,9256.5,-4.450000000000728
2020-05-24 17:04:00,9260.5,-4.950000000000728
2020-05-24 17:05:00,9262.5,-5.450000000000728
2020-05-24 17:06:00,9275.5,-4.450000000000728
2020-05-24 17:07:00,9281.5,-4.349999999998545
2020-05-24 17:08:00,9280.5,-5.450000000000728
2020-05-24 17:09:00,9281.5,-6.450000000000728
2020-05-24 17:10:00,9289.5,-4.049999999999272
2020-05-24 17:11:00,9289.5,-5.349999999998545
2020-05-24 17:12:00,9284.5,-3.4500000000007276
2020-05-24 17:13:00,9283.5,-3.0499999999992724
2020-05-24 17:14:00,9286.5,-4.950000000000728
2020-05-24 17:15:00,9282.5,-2.75
2020-05-24 17:16:00,9280.5,-1.9500000000007276
2020-05-24 17:17:00,9281.5,-2.75
2020-05-24 17:18:00,9278.5,-1.5499999999992724
2020-05-24 17:19:00,9279.5,-2.150000000001455
2020-05-24 17:20:00,9281.5,-3.4500000000007276
2020-05-24 17:21:00,9279.5,-2.650000000001455
2020-05-24 17:22:00,9282.5,-2.4500000000007276
2020-05-24 17:23:00,9283.5,-5.349999999998545
2020-05-24 17:24:00,9283.5,-4.049999999999272
2020-05-24 17:25:00,9280.5,-1.8499999999985448
2020-05-24 17:26:00,9281.5,-2.650000000001455
2020-05-24 17:27:00,9279.5,-2.9500000000007276
2020-05-24 17:28:00,9279.5,-2.5499999999992724
2020-05-24 17:29:00,9275.5,-2.650000000001455
2020-05-24 17:30:00,9275.5,-2.9500000000007276
2020-05-24 17:31:00,9271.5,0.1500000000014552
2020-05-24 17:32:00,9271.5,-1.75
2020-05-24 17:33:00,9274.5,-3.650000000001455
2020-05-24 17:34:00,9272.5,-2.849999999998545
2020-05-24 17:35:00,9272.5,-2.4500000000007276
2020-05-24 17:36:00,9272.5,-3.25
2020-05-24 17:37:00,9273.5,-6.25
2020-05-24 17:38:00,9272.5,-2.5499999999992724
2020-05-24 17:39:00,9272.5,-3.5499999999992724
2020-05-24 17:40:00,9275.5,-1.75
2020-05-24 17:41:00,9276.5,-2.849999999998545
2020-05-24 17:42:00,9275.5,0.4500000000007276
2020-05-24 17:43:00,9275.5,0.4500000000007276
2020-05-24 17:44:00,9272.5,-0.5499999999992724
2020-05-24 17:45:00,9268.0,-0.1500000000014552
2020-05-24 17:46:00,9266.5,-3.25
2020-05-24 17:47:00,9263.5,-4.650000000001455
2020-05-24 17:48:00,9263.5,-4.650000000001455
2020-05-24 17:49:00,9264.5,-5.150000000001455
2020-05-24 17:50:00,9267.5,-5.150000000001455
2020-05-24 17:51:00,9267.5,-5.849999999998545
2020-05-24 17:52:00,9262.5,-2.5499999999992724
2020-05-24 17:53:00,9262.5,-4.049999999999272
2020-05-24 17:54:00,9262.5,-1.1500000000014552
2020-05-24 17:55:00,9260.5,-0.4500000000007276
2020-05-24 17:56:00,9260.5,-0.8499999999985448
2020-05-24 17:57:00,9260.5,-5.450000000000728
2020-05-24 17:58:00,9260.5,-3.650000000001455
2020-05-24 17:59:00,9260.5,-5.25
2020-05-24 18:00:00,9265.5,-4.549999999999272
2020-05-24 18:01:00,9270.0,-3.4500000000007276
2020-05-24 18:02:00,9270.5,-2.9500000000007276
2020-05-24 18:03:00,9271.5,-3.0499999999992724
2020-05-24 18:04:00,9271.5,-3.25
2020-05-24 18:05:00,9271.5,-3.150000000001455
2020-05-24 18:06:00,9271.5,-2.5499999999992724
2020-05-24 18:07:00,9273.5,-5.450000000000728
2020-05-24 18:08:00,9278.5,-2.5499999999992724
2020-05-24 18:09:00,9278.5,-3.349999999998545
2020-05-24 18:10:00,9277.5,-3.150000000001455
2020-05-24 18:11:00,9277.0,-2.9500000000007276
2020-05-24 18:12:00,9278.5,-3.650000000001455
2020-05-24 18:13:00,9276.0,-3.75
2020-05-24 18:14:00,9273.5,-3.650000000001455
2020-05-24 18:15:00,9269.5,-3.75
2020-05-24 18:16:00,9270.5,-6.549999999999272
2020-05-24 18:17:00,9270.5,-6.549999999999272
2020-05-24 18:18:00,9276.5,-3.4500000000007276
2020-05-24 18:19:00,9276.5,-3.4500000000007276
2020-05-24 18:20:00,9277.5,-6.450000000000728
2020-05-24 18:21:00,9277.5,-5.450000000000728
2020-05-24 18:22:00,9277.5,-6.849999999998545
2020-05-24 18:23:00,9277.5,-5.349999999998545
2020-05-24 18:24:00,9277.5,-4.150000000001455
2020-05-24 18:25:00,9277.5,-4.150000000001455
2020-05-24 18:26:00,9277.5,-4.150000000001455
2020-05-24 18:27:00,9276.5,-2.4500000000007276
2020-05-24 18:28:00,9271.5,-3.75
2020-05-24 18:29:00,9271.5,-1.5499999999992724
2020-05-24 18:30:00,9267.5,-3.25
2020-05-24 18:31:00,9263.5,-2.5499999999992724
2020-05-24 18:32:00,9267.5,-2.4500000000007276
2020-05-24 18:33:00,9264.5,-5.950000000000728
2020-05-24 18:34:00,9265.5,-5.25
2020-05-24 18:35:00,9260.5,-1.8499999999985448
2020-05-24 18:36:00,9260.5,-6.150000000001455
2020-05-24 18:37:00,9255.5,-4.849999999998545
2020-05-24 18:38:00,9255.5,-4.549999999999272
2020-05-24 18:39:00,9262.0,-3.650000000001455
2020-05-24 18:40:00,9261.5,-3.25
2020-05-24 18:41:00,9262.5,-2.4500000000007276
2020-05-24 18:42:00,9263.5,-2.150000000001455
2020-05-24 18:43:00,9252.0,-3.7999999999992724
2020-05-24 18:44:00,9254.5,-3.4500000000007276
2020-05-24 18:45:00,9255.5,-3.349999999998545
2020-05-24 18:46:00,9257.5,-5.650000000001455
2020-05-24 18:47:00,9262.5,-5.25
2020-05-24 18:48:00,9262.5,-5.049999999999272
2020-05-24 18:49:00,9262.5,-5.049999999999272
2020-05-24 18:50:00,9261.5,-4.349999999998545
2020-05-24 18:51:00,9264.5,-5.450000000000728
2020-05-24 18:52:00,9266.5,-3.4500000000007276
2020-05-24 18:53:00,9266.5,-3.4500000000007276
2020-05-24 18:54:00,9266.5,-1.8499999999985448
2020-05-24 18:55:00,9266.5,-3.5499999999992724
2020-05-24 18:56:00,9266.5,-3.5499999999992724
2020-05-24 18:57:00,9266.5,-3.4500000000007276
2020-05-24 18:58:00,9266.5,-3.4500000000007276
2020-05-24 18:59:00,9265.5,-4.450000000000728
2020-05-24 19:00:00,9263.0,-3.4500000000007276
2020-05-24 19:01:00,9261.5,-1.1500000000014552
2020-05-24 19:02:00,9257.5,-0.5499999999992724
2020-05-24 19:03:00,9255.5,-1.0499999999992724
2020-05-24 19:04:00,9251.5,-3.5499999999992724
2020-05-24 19:05:00,9253.5,-5.25
2020-05-24 19:06:00,9251.5,-2.5499999999992724
2020-05-24 19:07:00,9251.5,-5.25
2020-05-24 19:08:00,9252.5,-2.75
2020-05-24 19:09:00,9247.5,-3.4500000000007276
2020-05-24 19:10:00,9236.5,-2.75
2020-05-24 19:11:00,9225.5,-4.349999999998545
2020-05-24 19:12:00,9237.5,-2.4500000000007276
2020-05-24 19:13:00,9237.5,-3.4500000000007276
2020-05-24 19:14:00,9214.5,-4.049999999999272
2020-05-24 19:15:00,9191.0,-1.6500000000014552
2020-05-24 19:16:00,9190.5,5.450000000000728
2020-05-24 19:17:00,9191.0,-0.5499999999992724
2020-05-24 19:18:00,9196.5,-3.5499999999992724
2020-05-24 19:19:00,9205.0,-3.0499999999992724
2020-05-24 19:20:00,9210.5,-4.549999999999272
2020-05-24 19:21:00,9208.5,-2.349999999998545
2020-05-24 19:22:00,9205.5,0.75
2020-05-24 19:23:00,9190.5,-2.9500000000007276
2020-05-24 19:24:00,9195.5,-3.75
2020-05-24 19:25:00,9189.5,-4.450000000000728
2020-05-24 19:26:00,9192.5,-4.450000000000728
2020-05-24 19:27:00,9201.5,-4.150000000001455
2020-05-24 19:28:00,9209.5,-5.549999999999272
2020-05-24 19:29:00,9206.0,-1.1500000000014552
2020-05-24 19:30:00,9208.5,-3.0499999999992724
2020-05-24 19:31:00,9195.5,-1.3499999999985448
2020-05-24 19:32:00,9188.5,-5.849999999998545
2020-05-24 19:33:00,9188.5,-4.849999999998545
2020-05-24 19:34:00,9184.0,-3.349999999998545
2020-05-24 19:35:00,9178.5,-1.75
2020-05-24 19:36:00,9182.5,-2.4500000000007276
2020-05-24 19:37:00,9194.0,-1.0499999999992724
2020-05-24 19:38:00,9196.0,-0.75
2020-05-24 19:39:00,9198.5,-1.3499999999985448
2020-05-24 19:40:00,9195.5,2.4500000000007276
2020-05-24 19:41:00,9190.5,0.5499999999992724
2020-05-24 19:42:00,9194.5,1.0499999999992724
2020-05-24 19:43:00,9187.5,2.150000000001455
2020-05-24 19:44:00,9183.5,2.5499999999992724
2020-05-24 19:45:00,9179.5,4.349999999998545
2020-05-24 19:46:00,9171.5,-0.25
2020-05-24 19:47:00,9181.0,-2.0499999999992724
2020-05-24 19:48:00,9163.5,3.4500000000007276
2020-05-24 19:49:00,9163.5,0.8499999999985448
2020-05-24 19:50:00,9164.0,1.1500000000014552
2020-05-24 19:51:00,9141.5,0.75
2020-05-24 19:52:00,9147.5,1.3500000000003638
2020-05-24 19:53:00,9153.0,-0.5499999999992724
2020-05-24 19:54:00,9146.0,0.3499999999985448
2020-05-24 19:55:00,9150.0,0.049999999999272404
2020-05-24 19:56:00,9131.0,1.6500000000014552
2020-05-24 19:57:00,9130.0,0.4500000000007276
2020-05-24 19:58:00,9115.5,0.25
2020-05-24 19:59:00,9126.5,1.25
2020-05-24 20:00:00,9121.0,2.9500000000007276
2020-05-24 20:01:00,9124.5,-2.7000000000007276
2020-05-24 20:02:00,9129.5,-2.349999999998545
2020-05-24 20:03:00,9145.5,-1.25
2020-05-24 20:04:00,9136.5,2.849999999998545
2020-05-24 20:05:00,9134.5,0.8499999999985448
2020-05-24 20:06:00,9117.5,-0.3499999999985448
2020-05-24 20:07:00,9129.5,-0.4500000000007276
2020-05-24 20:08:00,9133.5,3.5499999999992724
2020-05-24 20:09:00,9132.0,1.0499999999992724
2020-05-24 20:10:00,9133.5,-0.4500000000007276
2020-05-24 20:11:00,9132.5,-1.1500000000014552
2020-05-24 20:12:00,9143.5,4.450000000000728
2020-05-24 20:13:00,9136.5,0.25
2020-05-24 20:14:00,9138.5,0.75
2020-05-24 20:15:00,9139.5,0.6499999999996362
2020-05-24 20:16:00,9132.5,4.450000000000728
2020-05-24 20:17:00,9138.5,1.75
2020-05-24 20:18:00,9138.5,0.6500000000014552
2020-05-24 20:19:00,9139.5,1.5499999999992724
2020-05-24 20:20:00,9147.5,1.6500000000014552
2020-05-24 20:21:00,9149.5,1.4500000000007276
2020-05-24 20:22:00,9153.0,0.049999999999272404
2020-05-24 20:23:00,9150.5,-0.3499999999985448
2020-05-24 20:24:00,9150.5,1.4500000000007276
2020-05-24 20:25:00,9145.0,2.0499999999992724
2020-05-24 20:26:00,9137.5,2.4500000000007276
2020-05-24 20:27:00,9139.0,-1.1500000000014552
2020-05-24 20:28:00,9142.5,-4.049999999999272
2020-05-24 20:29:00,9141.5,-2.0
2020-05-24 20:30:00,9141.5,-0.8499999999985448
2020-05-24 20:31:00,9142.5,-2.75
2020-05-24 20:32:00,9150.5,-1.0499999999992724
2020-05-24 20:33:00,9149.5,0.9500000000007276
2020-05-24 20:34:00,9157.0,-0.6500000000014552
2020-05-24 20:35:00,9157.0,1.3499999999985448
2020-05-24 20:36:00,9148.5,0.8499999999985448
2020-05-24 20:37:00,9143.5,-2.25
2020-05-24 20:38:00,9144.5,-0.4500000000007276
2020-05-24 20:39:00,9143.5,1.4500000000007276
2020-05-24 20:40:00,9138.5,-0.4500000000007276
2020-05-24 20:41:00,9134.5,0.3499999999985448
2020-05-24 20:42:00,9140.5,-0.049999999999272404
2020-05-24 20:43:00,9139.5,-2.0499999999992724
2020-05-24 20:44:00,9136.5,1.9500000000007276
2020-05-24 20:45:00,9130.5,-0.049999999999272404
2020-05-24 20:46:00,9138.0,-1.75
2020-05-24 20:47:00,9140.5,-0.5499999999992724
2020-05-24 20:48:00,9173.0,0.8500000000003638
2020-05-24 20:49:00,9173.0,0.25
2020-05-24 20:50:00,9160.5,2.349999999998545
2020-05-24 20:51:00,9162.5,2.5499999999992724
2020-05-24 20:52:00,9163.5,2.150000000001455
2020-05-24 20:53:00,9163.5,3.0499999999992724
2020-05-24 20:54:00,9163.5,4.849999999998545
2020-05-24 20:55:00,9156.5,1.4500000000007276
2020-05-24 20:56:00,9156.5,1.4500000000007276
2020-05-24 20:57:00,9168.5,0.5499999999992724
2020-05-24 20:58:00,9165.5,2.4500000000007276
2020-05-24 20:59:00,9158.5,1.25
2020-05-24 21:00:00,9158.5,1.5499999999992724
2020-05-24 21:01:00,9155.5,5.950000000000728
2020-05-24 21:02:00,9147.5,-0.75
2020-05-24 21:03:00,9149.5,3.4500000000007276
2020-05-24 21:04:00,9149.5,0.8499999999985448
2020-05-24 21:05:00,9150.5,-0.4500000000007276
2020-05-24 21:06:00,9152.5,0.8499999999985448
2020-05-24 21:07:00,9148.0,0.75
2020-05-24 21:08:00,9142.5,0.3499999999985448
2020-05-24 21:09:00,9140.5,-2.75
2020-05-24 21:10:00,9141.5,0.25
2020-05-24 21:11:00,9145.5,1.5499999999992724
2020-05-24 21:12:00,9145.5,2.0499999999992724
2020-05-24 21:13:00,9136.5,-1.75
2020-05-24 21:14:00,9144.5,-1.4500000000007276
2020-05-24 21:15:00,9148.5,-1.4500000000007276
2020-05-24 21:16:00,9143.5,-0.5499999999992724
2020-05-24 21:17:00,9147.5,-1.4500000000007276
2020-05-24 21:18:00,9149.5,-0.4500000000007276
2020-05-24 21:19:00,9149.5,0.4500000000007276
2020-05-24 21:20:00,9149.5,4.049999999999272
2020-05-24 21:21:00,9149.5,0.1500000000014552
2020-05-24 21:22:00,9146.5,0.049999999999272404
2020-05-24 21:23:00,9143.5,1.0499999999992724
2020-05-24 21:24:00,9138.5,1.25
2020-05-24 21:25:00,9137.5,1.4500000000007276
2020-05-24 21:26:00,9133.0,1.9500000000007276
2020-05-24 21:27:00,9130.5,-3.349999999998545
2020-05-24 21:28:00,9135.5,-1.3499999999985448
2020-05-24 21:29:00,9137.5,0.1500000000014552
2020-05-24 21:30:00,9139.0,-0.9500000000007276
2020-05-24 21:31:00,9137.5,-1.75
2020-05-24 21:32:00,9132.0,2.349999999998545
2020-05-24 21:33:00,9132.5,-2.5499999999992724
2020-05-24 21:34:00,9139.5,-3.0499999999992724
2020-05-24 21:35:00,9146.5,1.25
2020-05-24 21:36:00,9137.5,1.25
2020-05-24 21:37:00,9137.5,0.3499999999985448
2020-05-24 21:38:00,9136.5,0.6500000000014552
2020-05-24 21:39:00,9140.0,-1.3499999999985448
2020-05-24 21:40:00,9138.5,-1.5499999999992724
2020-05-24 21:41:00,9131.5,0.1500000000014552
2020-05-24 21:42:00,9132.5,-0.9500000000007276
2020-05-24 21:43:00,9132.0,0.3499999999985448
2020-05-24 21:44:00,9128.5,0.4500000000007276
2020-05-24 21:45:00,9126.5,0.049999999999272404
2020-05-24 21:46:00,9116.5,-1.9500000000007276
2020-05-24 21:47:00,9112.0,0.9500000000007276
2020-05-24 21:48:00,9114.5,0.1500000000014552
2020-05-24 21:49:00,9107.0,1.9500000000007276
2020-05-24 21:50:00,9095.5,20.950000000000728
2020-05-24 21:51:00,9062.5,2.849999999998545
2020-05-24 21:52:00,9060.0,4.150000000001455
2020-05-24 21:53:00,9070.5,4.049999999999272
2020-05-24 21:54:00,9072.5,-1.5499999999992724
2020-05-24 21:55:00,9072.5,0.8499999999985448
2020-05-24 21:56:00,9057.5,2.0499999999992724
2020-05-24 21:57:00,9061.5,1.5499999999992724
2020-05-24 21:58:00,9076.0,2.150000000001455
2020-05-24 21:59:00,9076.5,2.349999999998545
2020-05-24 22:00:00,9089.0,2.5499999999992724
2020-05-24 22:01:00,9019.5,2.2000000000007276
2020-05-24 22:02:00,9037.0,0.049999999999272404
2020-05-24 22:03:00,9045.0,3.349999999998545
2020-05-24 22:04:00,9051.0,3.9500000000007276
2020-05-24 22:05:00,9043.0,-4.950000000000728
2020-05-24 22:06:00,9050.0,2.0499999999992724
2020-05-24 22:07:00,9044.5,4.25
2020-05-24 22:08:00,9052.0,3.4500000000007276
2020-05-24 22:09:00,9048.5,-0.4500000000007276
2020-05-24 22:10:00,9042.5,-0.25
2020-05-24 22:11:00,9041.5,-0.4500000000007276
2020-05-24 22:12:00,9043.5,1.8999999999996362
2020-05-24 22:13:00,9043.0,0.75
2020-05-24 22:14:00,9039.5,2.0499999999992724
2020-05-24 22:15:00,9057.5,2.650000000001455
2020-05-24 22:16:00,9053.5,1.6500000000014552
2020-05-24 22:17:00,9052.5,4.150000000001455
2020-05-24 22:18:00,9044.0,2.25
2020-05-24 22:19:00,9058.5,3.9500000000007276
2020-05-24 22:20:00,9061.5,1.0499999999992724
2020-05-24 22:21:00,9057.5,0.6500000000014552
2020-05-24 22:22:00,9075.5,2.4500000000007276
2020-05-24 22:23:00,9073.0,1.9500000000007276
2020-05-24 22:24:00,9073.5,3.849999999998545
2020-05-24 22:25:00,9068.5,2.650000000001455
2020-05-24 22:26:00,9062.5,5.049999999999272
2020-05-24 22:27:00,9072.5,3.349999999998545
2020-05-24 22:28:00,9072.0,4.350000000000364
2020-05-24 22:29:00,9074.5,0.5499999999992724
2020-05-24 22:30:00,9070.5,5.950000000000728
2020-05-24 22:31:00,9065.5,4.549999999999272
2020-05-24 22:32:00,9067.5,3.849999999998545
2020-05-24 22:33:00,9069.0,4.049999999999272
2020-05-24 22:34:00,9076.0,1.8499999999985448
2020-05-24 22:35:00,9080.5,5.349999999998545
2020-05-24 22:36:00,9075.5,5.450000000000728
2020-05-24 22:37:00,9076.5,4.950000000000728
2020-05-24 22:38:00,9060.5,6.650000000001455
2020-05-24 22:39:00,9057.5,3.349999999998545
2020-05-24 22:40:00,9062.5,2.5499999999992724
2020-05-24 22:41:00,9082.5,4.150000000001455
2020-05-24 22:42:00,9080.0,3.75
2020-05-24 22:43:00,9076.0,3.650000000001455
2020-05-24 22:44:00,9076.5,4.25
2020-05-24 22:45:00,9082.5,4.75
2020-05-24 22:46:00,9083.5,5.75
2020-05-24 22:47:00,9083.5,6.450000000000728
2020-05-24 22:48:00,9079.0,1.9500000000007276
2020-05-24 22:49:00,9072.5,3.25
2020-05-24 22:50:00,9078.5,1.5499999999992724
2020-05-24 22:51:00,9080.5,3.849999999998545
2020-05-24 22:52:00,9075.5,2.4500000000007276
2020-05-24 22:53:00,9075.5,5.049999999999272
2020-05-24 22:54:00,9075.5,4.75
2020-05-24 22:55:00,9083.0,4.049999999999272
2020-05-24 22:56:00,9080.5,3.75
2020-05-24 22:57:00,9080.5,4.349999999998545
2020-05-24 22:58:00,9081.5,4.549999999999272
2020-05-24 22:59:00,9078.0,2.9500000000007276
2020-05-24 23:00:00,9075.5,5.450000000000728
2020-05-24 23:01:00,9064.0,1.9500000000007276
2020-05-24 23:02:00,9058.5,1.1500000000014552
2020-05-24 23:03:00,9055.5,0.9500000000007276
2020-05-24 23:04:00,9064.0,1.3499999999985448
2020-05-24 23:05:00,9063.5,2.650000000001455
2020-05-24 23:06:00,9059.5,1.75
2020-05-24 23:07:00,9058.5,2.4500000000007276
2020-05-24 23:08:00,9057.5,1.1500000000014552
2020-05-24 23:09:00,9043.5,2.4500000000007276
2020-05-24 23:10:00,9047.5,3.150000000001455
2020-05-24 23:11:00,9056.5,0.1500000000014552
2020-05-24 23:12:00,9049.5,1.4500000000007276
2020-05-24 23:13:00,9056.5,-1.0499999999992724
2020-05-24 23:14:00,9048.0,2.849999999998545
2020-05-24 23:15:00,9037.5,2.5499999999992724
2020-05-24 23:16:00,9037.0,0.049999999999272404
2020-05-24 23:17:00,9052.5,1.0499999999992724
2020-05-24 23:18:00,9050.5,7.549999999999272
2020-05-24 23:19:00,9052.5,0.6500000000014552
2020-05-24 23:20:00,9055.5,-1.3499999999985448
2020-05-24 23:21:00,9055.5,-1.3499999999985448
2020-05-24 23:22:00,9057.5,0.3499999999985448
2020-05-24 23:23:00,9057.5,0.75
2020-05-24 23:24:00,9069.0,-0.9500000000007276
2020-05-24 23:25:00,9075.0,-0.25
2020-05-24 23:26:00,9072.5,0.1500000000014552
2020-05-24 23:27:00,9074.5,3.25
2020-05-24 23:28:00,9074.5,3.150000000001455
2020-05-24 23:29:00,9083.5,3.849999999998545
2020-05-24 23:30:00,9082.5,7.150000000001455
2020-05-24 23:31:00,9079.5,4.450000000000728
2020-05-24 23:32:00,9080.5,0.4500000000007276
2020-05-24 23:33:00,9084.5,0.4500000000007276
2020-05-24 23:34:00,9094.5,5.849999999998545
2020-05-24 23:35:00,9089.5,5.349999999998545
2020-05-24 23:36:00,9089.5,6.549999999999272
2020-05-24 23:37:00,9086.5,4.75
2020-05-24 23:38:00,9086.5,6.450000000000728
2020-05-24 23:39:00,9086.5,6.450000000000728
2020-05-24 23:40:00,9089.5,4.549999999999272
2020-05-24 23:41:00,9086.5,7.75
2020-05-24 23:42:00,9087.5,4.75
2020-05-24 23:43:00,9087.5,6.150000000001455
2020-05-24 23:44:00,9080.5,5.450000000000728
2020-05-24 23:45:00,9081.5,4.349999999998545
2020-05-24 23:46:00,9088.0,4.150000000001455
2020-05-24 23:47:00,9093.5,4.549999999999272
2020-05-24 23:48:00,9088.0,1.8499999999985448
2020-05-24 23:49:00,9091.0,3.75
2020-05-24 23:50:00,9090.5,5.650000000001455
2020-05-24 23:51:00,9082.5,4.450000000000728
2020-05-24 23:52:00,9083.5,4.75
2020-05-24 23:53:00,9081.5,6.450000000000728
2020-05-24 23:54:00,9076.5,6.450000000000728
2020-05-24 23:55:00,9074.5,6.349999999998545
2020-05-24 23:56:00,9074.0,4.950000000000728
2020-05-24 23:57:00,9073.5,4.75
2020-05-24 23:58:00,9074.5,4.549999999999272
2020-05-24 23:59:00,9074.5,6.450000000000728
