timestamp,open,high,low,close
2020-12-16 00:11:00,0.18500000000000227,0.2599999999999909,0.0,0.029999999999972715
2020-12-16 00:12:00,0.029999999999972715,0.33499999999997954,-0.024999999999977263,0.05000000000006821
2020-12-16 00:13:00,,,,
2020-12-16 00:14:00,,,,
2020-12-16 00:15:00,,,,
2020-12-16 00:16:00,,,,
2020-12-16 00:17:00,,,,
2020-12-16 00:18:00,,,,
2020-12-16 00:19:00,,,,
2020-12-16 00:20:00,,,,
2020-12-16 00:21:00,-0.0049999999999954525,0.12999999999999545,-0.05499999999994998,-0.015000000000043201
2020-12-16 00:22:00,-0.07000000000005002,0.16500000000002046,-0.14999999999997726,-0.08500000000003638
2020-12-16 00:23:00,,,,
2020-12-16 00:24:00,-0.2249999999999659,-0.19999999999998863,-0.2249999999999659,-0.19999999999998863
2020-12-16 00:25:00,-0.2599999999999909,-0.009999999999990905,-0.3300000000000409,-0.1150000000000091
2020-12-16 00:26:00,,,,
2020-12-16 00:27:00,,,,
2020-12-16 00:28:00,-0.11000000000001364,-0.11000000000001364,-0.2699999999999818,-0.17000000000001592
2020-12-16 00:29:00,-0.17000000000001592,-0.08499999999997954,-0.2650000000000432,-0.18999999999999773
2020-12-16 00:30:00,0.4700000000000273,0.4700000000000273,-0.25499999999999545,-0.009999999999990905
2020-12-16 00:31:00,,,,
2020-12-16 00:32:00,-0.06999999999999318,0.07500000000004547,-0.19499999999999318,-0.05000000000006821
2020-12-16 00:33:00,-0.13999999999998636,0.024999999999977263,-0.3199999999999932,-0.09000000000003183
2020-12-16 00:34:00,-0.09499999999997044,-0.040000000000020464,-0.19499999999993634,-0.13999999999998636
2020-12-16 00:35:00,,,,
2020-12-16 00:36:00,-0.08500000000003638,-0.020000000000038654,-0.1300000000000523,-0.10000000000002274
2020-12-16 00:37:00,-0.10000000000002274,0.049999999999954525,-0.27500000000009095,-0.27500000000009095
2020-12-16 00:38:00,-1.1750000000000682,0.09500000000002728,-1.1750000000000682,-0.024999999999977263
2020-12-16 00:39:00,,,,
2020-12-16 00:40:00,,,,
2020-12-16 00:41:00,-0.5699999999999932,0.015000000000043201,-0.5699999999999932,0.015000000000043201
2020-12-16 00:42:00,,,,
2020-12-16 00:43:00,-0.18499999999994543,-0.07000000000005002,-0.32499999999998863,-0.1400000000000432
2020-12-16 00:44:00,-0.18500000000000227,0.10499999999996135,-0.2950000000000159,-0.08499999999997954
2020-12-16 00:45:00,-0.16500000000002046,-0.03999999999996362,-0.2400000000000091,-0.08500000000003638
2020-12-16 00:46:00,-0.1300000000000523,0.03999999999996362,-0.25,-0.2300000000000182
2020-12-16 00:47:00,,,,
2020-12-16 00:48:00,,,,
2020-12-16 00:49:00,-0.5150000000000432,-0.0049999999999954525,-0.5150000000000432,-0.19499999999999318
2020-12-16 00:50:00,-0.17500000000001137,-0.029999999999972715,-0.2349999999999568,-0.029999999999972715
2020-12-16 00:51:00,-0.12000000000000455,0.07500000000004547,-0.2599999999999909,0.05000000000006821
2020-12-16 00:52:00,-0.13999999999998636,0.040000000000020464,-0.214999999999975,-0.125
2020-12-16 00:53:00,-0.20500000000004093,-0.06499999999999773,-0.20500000000004093,-0.20499999999998408
2020-12-16 00:54:00,-0.12999999999999545,0.024999999999977263,-0.2449999999999477,0.014999999999986358
2020-12-16 00:55:00,-0.1349999999999909,-0.1349999999999909,-0.1349999999999909,-0.1349999999999909
2020-12-16 00:56:00,,,,
2020-12-16 00:57:00,0.03499999999996817,0.24500000000000455,0.01999999999998181,0.12000000000000455
2020-12-16 00:58:00,-0.05500000000000682,-0.029999999999972715,-0.06999999999999318,-0.06999999999999318
2020-12-16 00:59:00,-0.045000000000015916,0.05499999999994998,-0.09500000000002728,-0.08499999999997954
2020-12-16 01:00:00,0.05499999999994998,0.05499999999994998,-0.08499999999997954,0.014999999999986358
2020-12-16 01:01:00,0.0049999999999954525,0.029999999999972715,-0.10500000000001819,-0.020000000000038654
2020-12-16 01:02:00,-0.025000000000034106,0.04500000000007276,-0.19000000000005457,-0.07500000000004547
2020-12-16 01:03:00,-0.07999999999998408,0.06999999999999318,-0.17499999999995453,-0.049999999999954525
2020-12-16 01:04:00,-0.03000000000002956,0.12999999999999545,-0.10000000000002274,0.08500000000003638
2020-12-16 01:05:00,-0.18000000000000682,0.03000000000002956,-0.19499999999999318,-0.11000000000001364
2020-12-16 01:06:00,-0.10500000000001819,-0.009999999999990905,-0.18000000000006366,-0.04500000000007276
2020-12-16 01:07:00,-0.07000000000005002,0.045000000000015916,-0.1300000000000523,-0.1300000000000523
2020-12-16 01:08:00,-0.1300000000000523,-0.01999999999998181,-0.20499999999992724,-0.08999999999997499
2020-12-16 01:09:00,-0.13999999999998636,-0.03000000000002956,-0.27000000000003865,-0.055000000000063665
2020-12-16 01:10:00,,,,
2020-12-16 01:11:00,-0.160000000000025,0.03500000000002501,-0.2549999999999386,-0.13999999999998636
2020-12-16 01:12:00,-0.08999999999997499,0.040000000000020464,-0.19999999999998863,-0.07999999999998408
2020-12-16 01:13:00,-0.09000000000003183,-0.07500000000004547,-0.2349999999999568,-0.2349999999999568
2020-12-16 01:14:00,,,,
2020-12-16 01:15:00,,,,
2020-12-16 01:16:00,,,,
2020-12-16 01:17:00,,,,
2020-12-16 01:18:00,,,,
2020-12-16 01:19:00,,,,
2020-12-16 01:20:00,,,,
2020-12-16 01:21:00,,,,
2020-12-16 01:22:00,,,,
2020-12-16 01:23:00,,,,
2020-12-16 01:24:00,,,,
2020-12-16 01:25:00,,,,
2020-12-16 01:26:00,,,,
2020-12-16 01:27:00,,,,
2020-12-16 01:28:00,,,,
2020-12-16 01:29:00,,,,
2020-12-16 01:30:00,,,,
2020-12-16 01:31:00,,,,
2020-12-16 01:32:00,,,,
2020-12-16 01:33:00,,,,
2020-12-16 01:34:00,,,,
2020-12-16 01:35:00,,,,
2020-12-16 01:36:00,,,,
2020-12-16 01:37:00,-0.15499999999997272,5.684341886080802e-14,-0.31999999999993634,-0.10500000000001819
2020-12-16 01:38:00,-0.09500000000002728,0.07500000000004547,-0.1750000000000682,-0.11000000000001364
2020-12-16 01:39:00,-0.11000000000001364,0.06999999999999318,-0.18000000000000682,-0.07499999999998863
2020-12-16 01:40:00,-0.07499999999998863,0.07500000000004547,-0.17499999999995453,-0.1150000000000091
2020-12-16 01:41:00,,,,
2020-12-16 01:42:00,-0.06499999999999773,0.0049999999999954525,-0.2349999999999568,-0.03499999999996817
2020-12-16 01:43:00,-0.08000000000004093,0.0,-0.21500000000003183,-0.09000000000003183
2020-12-16 01:44:00,-0.06499999999999773,-0.049999999999954525,-0.19999999999998863,-0.10499999999996135
2020-12-16 01:45:00,-0.08999999999997499,-0.009999999999990905,-0.14999999999997726,-0.05999999999994543
2020-12-16 01:46:00,,,,
2020-12-16 01:47:00,,,,
2020-12-16 01:48:00,,,,
2020-12-16 01:49:00,,,,
2020-12-16 01:50:00,-0.03999999999996362,0.03499999999996817,-0.17000000000001592,-0.05999999999994543
2020-12-16 01:51:00,-0.125,0.125,-0.125,-0.024999999999977263
2020-12-16 01:52:00,-0.024999999999977263,0.12999999999999545,-0.2249999999999659,0.03000000000002956
2020-12-16 01:53:00,-0.0049999999999954525,0.040000000000020464,-0.17500000000001137,-0.07499999999998863
2020-12-16 01:54:00,-0.06000000000005912,0.03999999999996362,-0.11000000000001364,-0.10500000000001819
2020-12-16 01:55:00,,,,
2020-12-16 01:56:00,,,,
2020-12-16 01:57:00,,,,
2020-12-16 01:58:00,,,,
2020-12-16 01:59:00,,,,
2020-12-16 02:00:00,,,,
2020-12-16 02:01:00,,,,
2020-12-16 02:02:00,,,,
2020-12-16 02:03:00,,,,
2020-12-16 02:04:00,,,,
2020-12-16 02:05:00,,,,
2020-12-16 02:06:00,,,,
2020-12-16 02:07:00,,,,
2020-12-16 02:08:00,,,,
2020-12-16 02:09:00,,,,
2020-12-16 02:10:00,,,,
2020-12-16 02:11:00,,,,
2020-12-16 02:12:00,,,,
2020-12-16 02:13:00,,,,
2020-12-16 02:14:00,,,,
2020-12-16 02:15:00,,,,
2020-12-16 02:16:00,,,,
2020-12-16 02:17:00,,,,
2020-12-16 02:18:00,,,,
2020-12-16 02:19:00,,,,
2020-12-16 02:20:00,,,,
2020-12-16 02:21:00,,,,
2020-12-16 02:22:00,,,,
2020-12-16 02:23:00,,,,
2020-12-16 02:24:00,-5.684341886080802e-14,0.014999999999986358,-0.14500000000003865,-0.06499999999994088
2020-12-16 02:25:00,-0.06499999999994088,0.10499999999996135,-0.11499999999995225,0.03500000000002501
2020-12-16 02:26:00,0.03499999999996817,0.05499999999994998,-0.049999999999954525,-0.024999999999977263
2020-12-16 02:27:00,0.015000000000043201,0.09499999999997044,-0.08999999999997499,-0.0049999999999954525
2020-12-16 02:28:00,5.684341886080802e-14,0.09500000000002728,-0.09500000000002728,-0.0049999999999954525
2020-12-16 02:29:00,-0.03999999999996362,0.04499999999995907,-0.1349999999999909,-0.0049999999999954525
2020-12-16 02:30:00,0.19500000000005002,0.20500000000004093,-0.05500000000000682,-0.05000000000001137
2020-12-16 02:31:00,-0.05500000000000682,-0.03000000000002956,-0.10500000000001819,-0.10500000000001819
2020-12-16 02:32:00,-0.08999999999997499,0.18500000000005912,-0.09499999999997044,0.18000000000000682
2020-12-16 02:33:00,-0.024999999999977263,0.0,-0.06499999999999773,-0.06499999999999773
2020-12-16 02:34:00,-0.03999999999996362,0.10000000000002274,-0.10000000000002274,-0.060000000000002274
2020-12-16 02:35:00,-0.060000000000002274,0.0999999999999659,-0.09500000000002728,-0.040000000000020464
2020-12-16 02:36:00,,,,
2020-12-16 02:37:00,-0.009999999999990905,0.014999999999986358,-0.06500000000005457,-0.06500000000005457
2020-12-16 02:38:00,,,,
2020-12-16 02:39:00,,,,
2020-12-16 02:40:00,-0.01999999999998181,0.07499999999993179,-0.05999999999994543,0.0
2020-12-16 02:41:00,-0.020000000000038654,0.05499999999994998,-0.045000000000015916,0.009999999999990905
2020-12-16 02:42:00,-0.14999999999997726,0.09999999999990905,-0.15499999999997272,0.024999999999977263
2020-12-16 02:43:00,,,,
2020-12-16 02:44:00,,,,
2020-12-16 02:45:00,-0.125,0.13999999999998636,-0.125,-0.014999999999986358
2020-12-16 02:46:00,,,,
2020-12-16 02:47:00,,,,
2020-12-16 02:48:00,,,,
2020-12-16 02:49:00,-5.684341886080802e-14,0.05000000000001137,-0.07499999999998863,-0.025000000000034106
2020-12-16 02:50:00,0.0,0.024999999999977263,-0.1500000000000341,-0.13999999999998636
2020-12-16 02:51:00,-0.025000000000034106,0.0999999999999659,-0.06999999999999318,0.05000000000001137
2020-12-16 02:52:00,0.05000000000001137,0.10000000000002274,-0.1400000000000432,-0.1150000000000091
2020-12-16 02:53:00,,,,
2020-12-16 02:54:00,,,,
2020-12-16 02:55:00,,,,
2020-12-16 02:56:00,,,,
2020-12-16 02:57:00,,,,
2020-12-16 02:58:00,,,,
2020-12-16 02:59:00,,,,
2020-12-16 03:00:00,,,,
2020-12-16 03:01:00,,,,
2020-12-16 03:02:00,,,,
2020-12-16 03:03:00,,,,
2020-12-16 03:04:00,,,,
2020-12-16 03:05:00,,,,
2020-12-16 03:06:00,,,,
2020-12-16 03:07:00,,,,
2020-12-16 03:08:00,,,,
2020-12-16 03:09:00,,,,
2020-12-16 03:10:00,,,,
2020-12-16 03:11:00,,,,
2020-12-16 03:12:00,,,,
2020-12-16 03:13:00,,,,
2020-12-16 03:14:00,,,,
2020-12-16 03:15:00,,,,
2020-12-16 03:16:00,,,,
2020-12-16 03:17:00,,,,
2020-12-16 03:18:00,,,,
2020-12-16 03:19:00,,,,
2020-12-16 03:20:00,,,,
2020-12-16 03:21:00,,,,
2020-12-16 03:22:00,,,,
2020-12-16 03:23:00,,,,
2020-12-16 03:24:00,,,,
2020-12-16 03:25:00,,,,
2020-12-16 03:26:00,,,,
2020-12-16 03:27:00,,,,
2020-12-16 03:28:00,,,,
2020-12-16 03:29:00,,,,
2020-12-16 03:30:00,,,,
2020-12-16 03:31:00,,,,
2020-12-16 03:32:00,,,,
2020-12-16 03:33:00,,,,
2020-12-16 03:34:00,,,,
2020-12-16 03:35:00,,,,
2020-12-16 03:36:00,,,,
2020-12-16 03:37:00,,,,
2020-12-16 03:38:00,,,,
2020-12-16 03:39:00,,,,
2020-12-16 03:40:00,,,,
2020-12-16 03:41:00,,,,
2020-12-16 03:42:00,,,,
2020-12-16 03:43:00,,,,
2020-12-16 03:44:00,,,,
2020-12-16 03:45:00,,,,
2020-12-16 03:46:00,,,,
2020-12-16 03:47:00,,,,
2020-12-16 03:48:00,,,,
2020-12-16 03:49:00,,,,
2020-12-16 03:50:00,,,,
2020-12-16 03:51:00,,,,
2020-12-16 03:52:00,,,,
2020-12-16 03:53:00,,,,
2020-12-16 03:54:00,,,,
2020-12-16 03:55:00,,,,
2020-12-16 03:56:00,,,,
2020-12-16 03:57:00,,,,
2020-12-16 03:58:00,0.045000000000015916,0.1500000000000341,0.045000000000015916,0.1500000000000341
2020-12-16 03:59:00,0.125,0.30000000000001137,0.10000000000002274,0.16499999999996362
2020-12-16 04:00:00,0.16499999999996362,0.20000000000004547,0.06499999999999773,0.20000000000004547
2020-12-16 04:01:00,0.17500000000001137,0.18000000000000682,-0.14999999999997726,0.06000000000005912
2020-12-16 04:02:00,0.06500000000005457,0.2599999999999909,-0.029999999999972715,0.0
2020-12-16 04:03:00,0.020000000000095497,0.10500000000001819,-0.055000000000063665,-0.0049999999999954525
2020-12-16 04:04:00,0.009999999999990905,0.07000000000005002,-0.09500000000002728,0.0049999999999954525
2020-12-16 04:05:00,0.09500000000002728,0.18500000000000227,-0.060000000000002274,0.12000000000000455
2020-12-16 04:06:00,,,,
2020-12-16 04:07:00,-0.43499999999994543,0.11500000000006594,-0.43499999999994543,0.06499999999999773
2020-12-16 04:08:00,0.06499999999999773,0.1099999999999568,-0.06500000000005457,0.05499999999994998
2020-12-16 04:09:00,,,,
2020-12-16 04:10:00,,,,
2020-12-16 04:11:00,0.05000000000006821,0.12999999999999545,-0.06499999999999773,-0.014999999999986358
2020-12-16 04:12:00,,,,
2020-12-16 04:13:00,,,,
2020-12-16 04:14:00,,,,
2020-12-16 04:15:00,,,,
2020-12-16 04:16:00,,,,
2020-12-16 04:17:00,,,,
2020-12-16 04:18:00,,,,
2020-12-16 04:19:00,,,,
2020-12-16 04:20:00,,,,
2020-12-16 04:21:00,,,,
2020-12-16 04:22:00,,,,
2020-12-16 04:23:00,,,,
2020-12-16 04:24:00,,,,
2020-12-16 04:25:00,,,,
2020-12-16 04:26:00,,,,
2020-12-16 04:27:00,,,,
2020-12-16 04:28:00,,,,
2020-12-16 04:29:00,,,,
2020-12-16 04:30:00,,,,
2020-12-16 04:31:00,,,,
2020-12-16 04:32:00,,,,
2020-12-16 04:33:00,,,,
2020-12-16 04:34:00,,,,
2020-12-16 04:35:00,,,,
2020-12-16 04:36:00,0.03500000000002501,0.13999999999998636,-0.05999999999994543,-0.024999999999977263
2020-12-16 04:37:00,-0.024999999999977263,0.1449999999999818,-0.11499999999995225,0.09500000000002728
2020-12-16 04:38:00,0.01999999999998181,0.17999999999994998,-0.05000000000001137,0.1150000000000091
2020-12-16 04:39:00,0.03000000000002956,0.18999999999994088,-0.024999999999977263,0.03500000000002501
2020-12-16 04:40:00,0.03500000000002501,0.13999999999998636,-0.0049999999999954525,0.03999999999996362
2020-12-16 04:41:00,0.029999999999972715,0.04499999999995907,-0.014999999999986358,0.024999999999977263
2020-12-16 04:42:00,-0.3250000000000455,0.1400000000000432,-0.3250000000000455,0.01999999999998181
2020-12-16 04:43:00,0.01999999999998181,0.160000000000025,-0.03999999999996362,0.03000000000002956
2020-12-16 04:44:00,-0.08499999999997954,0.16500000000002046,-0.12999999999999545,-0.040000000000020464
2020-12-16 04:45:00,-0.040000000000020464,0.060000000000002274,-0.06000000000005912,0.05000000000001137
2020-12-16 04:46:00,0.05000000000001137,0.11000000000001364,-0.0049999999999954525,0.06499999999999773
2020-12-16 04:47:00,0.060000000000002274,0.10499999999996135,-0.08499999999997954,-0.07999999999998408
2020-12-16 04:48:00,,,,
2020-12-16 04:49:00,0.17000000000001592,0.17000000000001592,0.045000000000015916,0.06999999999999318
2020-12-16 04:50:00,0.014999999999986358,0.1150000000000091,-0.06999999999993634,0.05000000000006821
2020-12-16 04:51:00,0.07000000000005002,0.15999999999996817,-0.04499999999995907,0.045000000000015916
2020-12-16 04:52:00,0.0,0.12500000000005684,-0.03000000000002956,0.06999999999993634
2020-12-16 04:53:00,,,,
2020-12-16 04:54:00,0.10000000000002274,0.19500000000005002,-0.009999999999990905,0.12999999999999545
2020-12-16 04:55:00,0.14999999999997726,0.19999999999998863,0.045000000000015916,0.10000000000002274
2020-12-16 04:56:00,0.04499999999995907,0.10000000000002274,0.024999999999977263,0.10000000000002274
2020-12-16 04:57:00,0.07500000000004547,0.12000000000000455,-0.040000000000020464,0.06499999999999773
2020-12-16 04:58:00,,,,
2020-12-16 04:59:00,,,,
2020-12-16 05:00:00,,,,
2020-12-16 05:01:00,,,,
2020-12-16 05:02:00,,,,
2020-12-16 05:03:00,,,,
2020-12-16 05:04:00,,,,
2020-12-16 05:05:00,,,,
2020-12-16 05:06:00,,,,
2020-12-16 05:07:00,,,,
2020-12-16 05:08:00,,,,
2020-12-16 05:09:00,,,,
2020-12-16 05:10:00,,,,
2020-12-16 05:11:00,,,,
2020-12-16 05:12:00,,,,
2020-12-16 05:13:00,,,,
2020-12-16 05:14:00,,,,
2020-12-16 05:15:00,,,,
2020-12-16 05:16:00,,,,
2020-12-16 05:17:00,,,,
2020-12-16 05:18:00,,,,
2020-12-16 05:19:00,,,,
2020-12-16 05:20:00,,,,
2020-12-16 05:21:00,,,,
2020-12-16 05:22:00,,,,
2020-12-16 05:23:00,,,,
2020-12-16 05:24:00,0.09500000000002728,0.09500000000002728,-0.05500000000000682,-0.049999999999954525
2020-12-16 05:25:00,-0.029999999999972715,0.0999999999999659,-0.08500000000003638,0.09000000000003183
2020-12-16 05:26:00,0.4800000000000182,0.5200000000000387,-0.28000000000002956,-0.040000000000020464
2020-12-16 05:27:00,,,,
2020-12-16 05:28:00,,,,
2020-12-16 05:29:00,,,,
2020-12-16 05:30:00,,,,
2020-12-16 05:31:00,,,,
2020-12-16 05:32:00,,,,
2020-12-16 05:33:00,,,,
2020-12-16 05:34:00,,,,
2020-12-16 05:35:00,,,,
2020-12-16 05:36:00,,,,
2020-12-16 05:37:00,,,,
2020-12-16 05:38:00,,,,
2020-12-16 05:39:00,,,,
2020-12-16 05:40:00,,,,
2020-12-16 05:41:00,,,,
2020-12-16 05:42:00,,,,
2020-12-16 05:43:00,,,,
2020-12-16 05:44:00,,,,
2020-12-16 05:45:00,,,,
2020-12-16 05:46:00,,,,
2020-12-16 05:47:00,,,,
2020-12-16 05:48:00,,,,
2020-12-16 05:49:00,,,,
2020-12-16 05:50:00,,,,
2020-12-16 05:51:00,,,,
2020-12-16 05:52:00,,,,
2020-12-16 05:53:00,,,,
2020-12-16 05:54:00,,,,
2020-12-16 05:55:00,-0.024999999999977263,0.07499999999998863,-0.029999999999972715,-0.0049999999999954525
2020-12-16 05:56:00,-0.6100000000000136,0.06999999999999318,-0.6100000000000136,-0.07000000000005002
2020-12-16 05:57:00,-0.07000000000005002,0.014999999999986358,-0.20999999999997954,-0.08999999999997499
2020-12-16 05:58:00,,,,
2020-12-16 05:59:00,0.014999999999986358,0.1449999999999818,-0.009999999999990905,0.06999999999999318
2020-12-16 06:00:00,0.05499999999994998,0.1400000000000432,-0.05000000000006821,0.045000000000015916
2020-12-16 06:01:00,0.12000000000000455,0.15499999999997272,-0.06000000000005912,0.015000000000043201
2020-12-16 06:02:00,0.07999999999998408,0.12999999999999545,-0.05000000000001137,0.10500000000001819
2020-12-16 06:03:00,0.05000000000001137,0.15500000000002956,-0.07500000000004547,0.07499999999993179
2020-12-16 06:04:00,0.0,0.2950000000000159,-0.10000000000002274,0.049999999999954525
2020-12-16 06:05:00,0.10000000000002274,0.23500000000001364,-0.1449999999999818,0.1150000000000091
2020-12-16 06:06:00,,,,
2020-12-16 06:07:00,0.08499999999997954,0.19500000000005002,0.025000000000034106,0.10499999999996135
2020-12-16 06:08:00,-0.0949999999999136,0.1150000000000091,-0.18500000000000227,0.08999999999991815
2020-12-16 06:09:00,-0.05000000000006821,0.07499999999993179,-0.09500000000002728,-0.04000000000007731
2020-12-16 06:10:00,-0.060000000000002274,0.06999999999999318,-0.18500000000005912,-0.1349999999999909
2020-12-16 06:11:00,-0.14999999999997726,-0.14999999999997726,-0.21500000000003183,-0.18500000000000227
2020-12-16 06:12:00,-0.18500000000000227,-0.08500000000003638,-0.18500000000000227,-0.08500000000003638
2020-12-16 06:13:00,-0.08500000000003638,-0.08500000000003638,-0.08500000000003638,-0.08500000000003638
2020-12-16 06:14:00,-0.08500000000003638,-0.07999999999998408,-0.18500000000000227,-0.125
2020-12-16 06:15:00,,,,
2020-12-16 06:16:00,-0.04499999999995907,-0.04499999999995907,-0.04499999999995907,-0.04499999999995907
2020-12-16 06:17:00,-0.03499999999996817,0.03999999999996362,-0.1150000000000091,-0.05000000000001137
2020-12-16 06:18:00,-0.055000000000063665,0.0049999999999954525,-0.07999999999992724,-0.03999999999996362
2020-12-16 06:19:00,0.03500000000002501,0.060000000000002274,-0.07999999999998408,-0.045000000000015916
2020-12-16 06:20:00,0.0049999999999954525,0.03999999999996362,-0.055000000000063665,-0.03500000000002501
2020-12-16 06:21:00,-0.015000000000043201,0.014999999999986358,-0.08499999999997954,-0.08499999999997954
2020-12-16 06:22:00,-0.04499999999995907,0.015000000000043201,-0.08499999999997954,-0.08499999999997954
2020-12-16 06:23:00,-0.06499999999994088,0.0049999999999954525,-0.17500000000001137,-0.14500000000003865
2020-12-16 06:24:00,0.03499999999996817,0.1349999999999909,-0.17500000000001137,-0.17500000000001137
2020-12-16 06:25:00,-0.17500000000001137,0.040000000000020464,-0.17500000000001137,-0.07000000000005002
2020-12-16 06:26:00,-0.07000000000005002,0.0049999999999954525,-0.1449999999999818,-0.020000000000038654
2020-12-16 06:27:00,0.029999999999972715,0.10500000000001819,-0.07500000000004547,0.020000000000038654
2020-12-16 06:28:00,-0.05500000000000682,-0.045000000000015916,-0.07000000000005002,-0.07000000000005002
2020-12-16 06:29:00,-0.03000000000002956,0.03999999999996362,-0.04000000000007731,0.03499999999996817
2020-12-16 06:30:00,0.025000000000034106,0.1349999999999909,-0.07499999999998863,-0.07499999999998863
2020-12-16 06:31:00,0.05500000000000682,0.0999999999999659,-0.08499999999997954,-0.025000000000034106
2020-12-16 06:32:00,,,,
2020-12-16 06:33:00,-0.020000000000038654,0.07999999999998408,-0.06500000000005457,-0.045000000000015916
2020-12-16 06:34:00,,,,
2020-12-16 06:35:00,0.024999999999977263,0.0999999999999659,-0.05500000000000682,0.025000000000034106
2020-12-16 06:36:00,-0.07999999999992724,-0.07999999999992724,-0.07999999999992724,-0.07999999999992724
2020-12-16 06:37:00,0.0,0.029999999999972715,-0.12499999999994316,-0.05000000000001137
2020-12-16 06:38:00,-0.025000000000034106,0.3299999999999841,-0.06499999999999773,0.3299999999999841
2020-12-16 06:39:00,0.05000000000001137,0.125,-0.009999999999990905,0.11000000000001364
2020-12-16 06:40:00,,,,
2020-12-16 06:41:00,,,,
2020-12-16 06:42:00,,,,
2020-12-16 06:43:00,,,,
2020-12-16 06:44:00,,,,
2020-12-16 06:45:00,,,,
2020-12-16 06:46:00,0.08999999999997499,0.22999999999996135,0.029999999999972715,0.17500000000001137
2020-12-16 06:47:00,0.27499999999997726,0.4149999999999636,0.03499999999996817,0.4149999999999636
2020-12-16 06:48:00,0.09500000000002728,0.22000000000002728,-0.01999999999998181,0.10500000000001819
2020-12-16 06:49:00,0.10500000000001819,0.19000000000005457,0.010000000000047748,0.1349999999999909
2020-12-16 06:50:00,0.1349999999999909,0.20999999999997954,-0.04500000000007276,0.06500000000005457
2020-12-16 06:51:00,0.06500000000005457,0.06500000000005457,-0.03000000000002956,-0.020000000000038654
2020-12-16 06:52:00,0.009999999999990905,0.18999999999999773,0.005000000000052296,0.08500000000003638
2020-12-16 06:53:00,0.18500000000000227,0.2400000000000091,0.060000000000002274,0.10500000000001819
2020-12-16 06:54:00,0.045000000000015916,0.22000000000002728,0.014999999999986358,0.09500000000002728
2020-12-16 06:55:00,0.060000000000002274,0.15499999999997272,0.009999999999990905,0.125
2020-12-16 06:56:00,0.07500000000004547,0.3100000000000023,0.07500000000004547,0.160000000000025
2020-12-16 06:57:00,0.18500000000000227,0.29500000000007276,0.0049999999999954525,0.10500000000001819
2020-12-16 06:58:00,0.10500000000001819,0.24500000000000455,0.040000000000020464,0.055000000000063665
2020-12-16 06:59:00,0.10500000000001819,0.20999999999997954,0.05500000000000682,0.14999999999997726
2020-12-16 07:00:00,,,,
2020-12-16 07:01:00,,,,
2020-12-16 07:02:00,,,,
2020-12-16 07:03:00,,,,
2020-12-16 07:04:00,,,,
2020-12-16 07:05:00,,,,
2020-12-16 07:06:00,,,,
2020-12-16 07:07:00,,,,
2020-12-16 07:08:00,,,,
2020-12-16 07:09:00,,,,
2020-12-16 07:10:00,,,,
2020-12-16 07:11:00,,,,
2020-12-16 07:12:00,,,,
2020-12-16 07:13:00,,,,
2020-12-16 07:14:00,,,,
2020-12-16 07:15:00,,,,
2020-12-16 07:16:00,,,,
2020-12-16 07:17:00,,,,
2020-12-16 07:18:00,,,,
2020-12-16 07:19:00,,,,
2020-12-16 07:20:00,,,,
2020-12-16 07:21:00,,,,
2020-12-16 07:22:00,,,,
2020-12-16 07:23:00,,,,
2020-12-16 07:24:00,,,,
2020-12-16 07:25:00,,,,
2020-12-16 07:26:00,,,,
2020-12-16 07:27:00,,,,
2020-12-16 07:28:00,,,,
2020-12-16 07:29:00,,,,
2020-12-16 07:30:00,,,,
2020-12-16 07:31:00,,,,
2020-12-16 07:32:00,,,,
2020-12-16 07:33:00,,,,
2020-12-16 07:34:00,,,,
2020-12-16 07:35:00,,,,
2020-12-16 07:36:00,,,,
2020-12-16 07:37:00,,,,
2020-12-16 07:38:00,,,,
2020-12-16 07:39:00,,,,
2020-12-16 07:40:00,,,,
2020-12-16 07:41:00,,,,
2020-12-16 07:42:00,,,,
2020-12-16 07:43:00,,,,
2020-12-16 07:44:00,,,,
2020-12-16 07:45:00,,,,
2020-12-16 07:46:00,,,,
2020-12-16 07:47:00,,,,
2020-12-16 07:48:00,,,,
2020-12-16 07:49:00,,,,
2020-12-16 07:50:00,,,,
2020-12-16 07:51:00,,,,
2020-12-16 07:52:00,,,,
2020-12-16 07:53:00,,,,
2020-12-16 07:54:00,,,,
2020-12-16 07:55:00,,,,
2020-12-16 07:56:00,,,,
2020-12-16 07:57:00,,,,
2020-12-16 07:58:00,,,,
2020-12-16 07:59:00,,,,
2020-12-16 08:00:00,,,,
2020-12-16 08:01:00,,,,
2020-12-16 08:02:00,0.014999999999986358,0.375,-0.0049999999999954525,0.020000000000038654
2020-12-16 08:03:00,,,,
2020-12-16 08:04:00,-0.024999999999977263,0.029999999999972715,-0.19499999999999318,-0.13999999999998636
2020-12-16 08:05:00,-0.08999999999997499,0.03499999999996817,-0.19999999999998863,-0.024999999999977263
2020-12-16 08:06:00,-0.060000000000002274,-0.010000000000047748,-0.11000000000001364,-0.055000000000063665
2020-12-16 08:07:00,-0.06000000000005912,0.0049999999999954525,-0.15999999999996817,-0.03499999999996817
2020-12-16 08:08:00,-0.009999999999990905,0.20000000000004547,-0.21000000000003638,0.04000000000007731
2020-12-16 08:09:00,,,,
2020-12-16 08:10:00,0.014999999999986358,0.014999999999986358,-0.01999999999998181,-0.009999999999990905
2020-12-16 08:11:00,,,,
2020-12-16 08:12:00,,,,
2020-12-16 08:13:00,,,,
2020-12-16 08:14:00,,,,
2020-12-16 08:15:00,,,,
2020-12-16 08:16:00,,,,
2020-12-16 08:17:00,,,,
2020-12-16 08:18:00,,,,
2020-12-16 08:19:00,,,,
2020-12-16 08:20:00,,,,
2020-12-16 08:21:00,,,,
2020-12-16 08:22:00,,,,
2020-12-16 08:23:00,,,,
2020-12-16 08:24:00,,,,
2020-12-16 08:25:00,,,,
2020-12-16 08:26:00,,,,
2020-12-16 08:27:00,,,,
2020-12-16 08:28:00,,,,
2020-12-16 08:29:00,,,,
2020-12-16 08:30:00,,,,
2020-12-16 08:31:00,,,,
2020-12-16 08:32:00,,,,
2020-12-16 08:33:00,,,,
2020-12-16 08:34:00,,,,
2020-12-16 08:35:00,,,,
2020-12-16 08:36:00,,,,
2020-12-16 08:37:00,,,,
2020-12-16 08:38:00,,,,
2020-12-16 08:39:00,,,,
2020-12-16 08:40:00,,,,
2020-12-16 08:41:00,,,,
2020-12-16 08:42:00,,,,
2020-12-16 08:43:00,,,,
2020-12-16 08:44:00,,,,
2020-12-16 08:45:00,,,,
2020-12-16 08:46:00,,,,
2020-12-16 08:47:00,,,,
2020-12-16 08:48:00,,,,
2020-12-16 08:49:00,,,,
2020-12-16 08:50:00,,,,
2020-12-16 08:51:00,,,,
2020-12-16 08:52:00,,,,
2020-12-16 08:53:00,,,,
2020-12-16 08:54:00,,,,
2020-12-16 08:55:00,,,,
2020-12-16 08:56:00,-0.024999999999977263,0.06999999999999318,-0.1449999999999818,-0.009999999999990905
2020-12-16 08:57:00,-0.03500000000002501,0.06999999999999318,-0.1150000000000091,0.045000000000015916
2020-12-16 08:58:00,0.009999999999990905,0.11000000000001364,-0.12999999999999545,0.024999999999977263
2020-12-16 08:59:00,-0.014999999999986358,0.10000000000002274,-0.11499999999995225,0.045000000000015916
2020-12-16 09:00:00,-0.03500000000002501,0.07000000000005002,-0.08999999999997499,-0.020000000000038654
2020-12-16 09:01:00,,,,
2020-12-16 09:02:00,0.06500000000005457,0.1150000000000091,-0.07499999999998863,0.05999999999994543
2020-12-16 09:03:00,0.06499999999994088,0.13999999999998636,-0.06499999999999773,0.07000000000005002
2020-12-16 09:04:00,0.08499999999997954,0.125,-0.05999999999994543,-0.05500000000000682
2020-12-16 09:05:00,,,,
2020-12-16 09:06:00,,,,
2020-12-16 09:07:00,0.049999999999954525,0.049999999999954525,-0.08999999999997499,-0.045000000000015916
2020-12-16 09:08:00,-0.045000000000015916,0.06499999999994088,-0.12000000000000455,0.045000000000015916
2020-12-16 09:09:00,0.040000000000020464,0.040000000000020464,-0.08999999999997499,0.0
2020-12-16 09:10:00,0.005000000000052296,0.03999999999996362,-0.0999999999999659,0.005000000000052296
2020-12-16 09:11:00,0.010000000000047748,0.040000000000020464,-0.07000000000005002,-0.015000000000043201
2020-12-16 09:12:00,-0.014999999999986358,0.09500000000002728,-0.05500000000000682,-0.030000000000086402
2020-12-16 09:13:00,-0.020000000000095497,0.10500000000001819,-0.12000000000006139,0.03500000000002501
2020-12-16 09:14:00,-0.08000000000004093,-0.014999999999986358,-0.08999999999997499,-0.07500000000004547
2020-12-16 09:15:00,-0.07000000000005002,0.05500000000000682,-0.15500000000002956,-0.055000000000063665
2020-12-16 09:16:00,-0.06999999999999318,0.0,-0.07499999999998863,-0.060000000000002274
2020-12-16 09:17:00,,,,
2020-12-16 09:18:00,,,,
2020-12-16 09:19:00,,,,
2020-12-16 09:20:00,,,,
2020-12-16 09:21:00,,,,
2020-12-16 09:22:00,,,,
2020-12-16 09:23:00,,,,
2020-12-16 09:24:00,,,,
2020-12-16 09:25:00,,,,
2020-12-16 09:26:00,,,,
2020-12-16 09:27:00,,,,
2020-12-16 09:28:00,,,,
2020-12-16 09:29:00,,,,
2020-12-16 09:30:00,,,,
2020-12-16 09:31:00,,,,
2020-12-16 09:32:00,,,,
2020-12-16 09:33:00,,,,
2020-12-16 09:34:00,,,,
2020-12-16 09:35:00,,,,
2020-12-16 09:36:00,,,,
2020-12-16 09:37:00,,,,
2020-12-16 09:38:00,,,,
2020-12-16 09:39:00,,,,
2020-12-16 09:40:00,,,,
2020-12-16 09:41:00,,,,
2020-12-16 09:42:00,,,,
2020-12-16 09:43:00,,,,
2020-12-16 09:44:00,,,,
2020-12-16 09:45:00,,,,
2020-12-16 09:46:00,,,,
2020-12-16 09:47:00,,,,
2020-12-16 09:48:00,,,,
2020-12-16 09:49:00,-0.07000000000005002,0.05499999999994998,-0.07000000000005002,-0.005000000000052296
2020-12-16 09:50:00,,,,
2020-12-16 09:51:00,,,,
2020-12-16 09:52:00,-0.06499999999999773,-0.015000000000043201,-0.1150000000000091,-0.07999999999998408
2020-12-16 09:53:00,-0.08499999999997954,0.024999999999977263,-0.19999999999998863,-0.05000000000006821
2020-12-16 09:54:00,-0.18500000000000227,-0.049999999999954525,-0.2599999999999909,-0.125
2020-12-16 09:55:00,-0.1449999999999818,-0.01999999999998181,-0.25499999999999545,-0.1400000000000432
2020-12-16 09:56:00,-0.1400000000000432,-0.029999999999972715,-0.18000000000000682,-0.13999999999998636
2020-12-16 09:57:00,,,,
2020-12-16 09:58:00,,,,
2020-12-16 09:59:00,,,,
2020-12-16 10:00:00,,,,
2020-12-16 10:01:00,,,,
2020-12-16 10:02:00,,,,
2020-12-16 10:03:00,,,,
2020-12-16 10:04:00,,,,
2020-12-16 10:05:00,,,,
2020-12-16 10:06:00,,,,
2020-12-16 10:07:00,,,,
2020-12-16 10:08:00,,,,
2020-12-16 10:09:00,,,,
2020-12-16 10:10:00,,,,
2020-12-16 10:11:00,,,,
2020-12-16 10:12:00,,,,
2020-12-16 10:13:00,,,,
2020-12-16 10:14:00,,,,
2020-12-16 10:15:00,,,,
2020-12-16 10:16:00,,,,
2020-12-16 10:17:00,,,,
2020-12-16 10:18:00,,,,
2020-12-16 10:19:00,,,,
2020-12-16 10:20:00,,,,
2020-12-16 10:21:00,0.15500000000002956,0.15500000000002956,-0.17500000000001137,-0.08000000000004093
2020-12-16 10:22:00,-0.08000000000004093,0.045000000000015916,-0.13999999999998636,-0.08000000000004093
2020-12-16 10:23:00,-0.10500000000001819,0.03500000000002501,-0.15499999999997272,-0.07999999999998408
2020-12-16 10:24:00,0.19499999999993634,0.23999999999995225,0.19499999999993634,0.23999999999995225
2020-12-16 10:25:00,-0.03499999999996817,0.04000000000007731,-0.07499999999998863,0.04000000000007731
2020-12-16 10:26:00,0.014999999999986358,0.07499999999993179,-0.125,-0.05000000000001137
2020-12-16 10:27:00,,,,
2020-12-16 10:28:00,,,,
2020-12-16 10:29:00,,,,
2020-12-16 10:30:00,-0.06499999999994088,0.08500000000003638,-0.06499999999994088,0.06500000000005457
2020-12-16 10:31:00,0.18999999999999773,0.18999999999999773,-0.1150000000000091,-0.11000000000001364
2020-12-16 10:32:00,-0.1449999999999818,-0.060000000000002274,-0.16999999999995907,-0.060000000000002274
2020-12-16 10:33:00,-0.060000000000002274,0.08000000000004093,-0.16999999999995907,-0.16499999999996362
2020-12-16 10:34:00,,,,
2020-12-16 10:35:00,,,,
2020-12-16 10:36:00,,,,
2020-12-16 10:37:00,-0.17999999999994998,-0.125,-0.26499999999998636,-0.15499999999997272
2020-12-16 10:38:00,-0.15499999999997272,-0.12999999999999545,-0.20499999999998408,-0.17500000000001137
2020-12-16 10:39:00,-0.19500000000005002,-0.07500000000004547,-0.27000000000003865,-0.17000000000001592
2020-12-16 10:40:00,-0.16500000000002046,-0.14999999999997726,-0.3299999999999841,-0.3050000000000068
2020-12-16 10:41:00,,,,
2020-12-16 10:42:00,0.18500000000000227,0.18500000000000227,-0.20500000000004093,-0.17000000000001592
2020-12-16 10:43:00,-0.16499999999996362,0.014999999999986358,-0.2300000000000182,-0.20000000000004547
2020-12-16 10:44:00,-0.20000000000004547,-0.040000000000020464,-0.25,-0.16500000000002046
2020-12-16 10:45:00,-0.16500000000002046,-0.09000000000003183,-0.2650000000000432,-0.1099999999999568
2020-12-16 10:46:00,-0.1099999999999568,-0.05000000000001137,-0.2400000000000091,-0.12000000000000455
2020-12-16 10:47:00,,,,
2020-12-16 10:48:00,,,,
2020-12-16 10:49:00,,,,
2020-12-16 10:50:00,,,,
2020-12-16 10:51:00,0.5500000000000114,0.5500000000000114,-0.2249999999999659,-0.020000000000038654
2020-12-16 10:52:00,-0.020000000000038654,-0.020000000000038654,-0.40999999999996817,-0.20000000000004547
2020-12-16 10:53:00,-0.20000000000004547,-0.03999999999996362,-0.2799999999999727,-0.160000000000025
2020-12-16 10:54:00,-0.18499999999994543,-0.03499999999996817,-0.23500000000001364,-0.1349999999999909
2020-12-16 10:55:00,-0.1449999999999818,0.0,-0.17500000000001137,-0.12999999999999545
2020-12-16 10:56:00,-0.12999999999999545,0.014999999999986358,-0.285000000000025,-0.1449999999999818
2020-12-16 10:57:00,-0.14999999999997726,-0.10500000000001819,-0.3149999999999409,-0.2699999999999818
2020-12-16 10:58:00,-0.13999999999998636,-0.015000000000043201,-0.21500000000003183,-0.125
2020-12-16 10:59:00,-0.1650000000000773,-0.024999999999977263,-0.27499999999997726,-0.17500000000001137
2020-12-16 11:00:00,-0.14500000000003865,-0.06499999999999773,-0.25499999999999545,-0.18000000000006366
2020-12-16 11:01:00,-0.19000000000005457,-0.09000000000003183,-0.22000000000002728,-0.16499999999996362
2020-12-16 11:02:00,-0.1500000000000341,0.014999999999986358,-0.21500000000003183,-0.21500000000003183
2020-12-16 11:03:00,-0.21500000000003183,-0.03000000000002956,-0.2599999999999909,-0.10500000000001819
2020-12-16 11:04:00,,,,
2020-12-16 11:05:00,-0.1449999999999818,-0.020000000000038654,-0.22500000000002274,-0.11000000000001364
2020-12-16 11:06:00,-0.060000000000002274,0.03499999999996817,-0.12000000000006139,-0.05000000000001137
2020-12-16 11:07:00,-0.19499999999999318,0.045000000000015916,-0.19499999999999318,-0.06000000000005912
2020-12-16 11:08:00,-0.07000000000005002,-0.06500000000005457,-0.19499999999993634,-0.1400000000000432
2020-12-16 11:09:00,-0.08499999999997954,-0.08499999999997954,-0.22999999999996135,-0.10499999999996135
2020-12-16 11:10:00,-0.12499999999994316,-0.08999999999997499,-0.15499999999997272,-0.15499999999997272
2020-12-16 11:11:00,-0.1349999999999909,0.0,-0.1349999999999909,-0.05000000000001137
2020-12-16 11:12:00,-0.05000000000001137,0.1349999999999909,-0.10000000000002274,0.1349999999999909
2020-12-16 11:13:00,0.1349999999999909,0.21500000000003183,-0.18000000000000682,-0.10000000000002274
2020-12-16 11:14:00,-0.14500000000003865,-0.05000000000001137,-0.20500000000004093,-0.20499999999998408
2020-12-16 11:15:00,-0.1449999999999818,-0.04499999999995907,-0.26499999999998636,-0.17499999999995453
2020-12-16 11:16:00,-0.15999999999996817,-0.06999999999999318,-0.2799999999999727,-0.20499999999998408
2020-12-16 11:17:00,-0.20499999999998408,-0.06499999999999773,-0.27499999999997726,-0.20000000000004547
2020-12-16 11:18:00,-0.20000000000004547,-0.10500000000001819,-0.3100000000000023,-0.1750000000000682
2020-12-16 11:19:00,-0.18999999999994088,-0.09500000000002728,-0.2699999999999818,-0.17999999999994998
2020-12-16 11:20:00,-0.15499999999997272,-0.1500000000000341,-0.2799999999999727,-0.2550000000000523
2020-12-16 11:21:00,,,,
2020-12-16 11:22:00,-0.15499999999997272,-0.0999999999999659,-0.17999999999994998,-0.0999999999999659
2020-12-16 11:23:00,,,,
2020-12-16 11:24:00,-0.11000000000001364,-0.029999999999972715,-0.2300000000000182,-0.03499999999996817
2020-12-16 11:25:00,0.05500000000000682,0.09499999999997044,-0.17499999999995453,-0.0049999999999954525
2020-12-16 11:26:00,,,,
2020-12-16 11:27:00,,,,
2020-12-16 11:28:00,,,,
2020-12-16 11:29:00,,,,
2020-12-16 11:30:00,-0.05500000000000682,0.0049999999999954525,-0.22000000000002728,-0.19499999999999318
2020-12-16 11:31:00,,,,
2020-12-16 11:32:00,,,,
2020-12-16 11:33:00,-0.160000000000025,-0.060000000000002274,-0.2599999999999909,-0.0999999999999659
2020-12-16 11:34:00,,,,
2020-12-16 11:35:00,,,,
2020-12-16 11:36:00,-0.13999999999998636,-0.13999999999998636,-0.27000000000003865,-0.19499999999999318
2020-12-16 11:37:00,-0.16500000000002046,-0.11000000000001364,-0.23500000000001364,-0.1500000000000341
2020-12-16 11:38:00,-0.15999999999996817,-0.024999999999977263,-0.2699999999999818,-0.20500000000004093
2020-12-16 11:39:00,,,,
2020-12-16 11:40:00,-0.12000000000000455,-0.04499999999995907,-0.18999999999999773,-0.16500000000002046
2020-12-16 11:41:00,-0.16500000000002046,-0.040000000000020464,-0.2750000000000341,-0.18999999999999773
2020-12-16 11:42:00,,,,
2020-12-16 11:43:00,,,,
2020-12-16 11:44:00,,,,
2020-12-16 11:45:00,,,,
2020-12-16 11:46:00,,,,
2020-12-16 11:47:00,,,,
2020-12-16 11:48:00,,,,
2020-12-16 11:49:00,,,,
2020-12-16 11:50:00,,,,
2020-12-16 11:51:00,,,,
2020-12-16 11:52:00,,,,
2020-12-16 11:53:00,,,,
2020-12-16 11:54:00,,,,
2020-12-16 11:55:00,,,,
2020-12-16 11:56:00,,,,
2020-12-16 11:57:00,,,,
2020-12-16 11:58:00,,,,
2020-12-16 11:59:00,,,,
2020-12-16 12:00:00,,,,
2020-12-16 12:01:00,,,,
2020-12-16 12:02:00,,,,
2020-12-16 12:03:00,,,,
2020-12-16 12:04:00,,,,
2020-12-16 12:05:00,,,,
2020-12-16 12:06:00,,,,
2020-12-16 12:07:00,,,,
2020-12-16 12:08:00,,,,
2020-12-16 12:09:00,,,,
2020-12-16 12:10:00,,,,
2020-12-16 12:11:00,,,,
2020-12-16 12:12:00,,,,
2020-12-16 12:13:00,,,,
2020-12-16 12:14:00,,,,
2020-12-16 12:15:00,,,,
2020-12-16 12:16:00,,,,
2020-12-16 12:17:00,,,,
2020-12-16 12:18:00,,,,
2020-12-16 12:19:00,,,,
2020-12-16 12:20:00,,,,
2020-12-16 12:21:00,,,,
2020-12-16 12:22:00,,,,
2020-12-16 12:23:00,,,,
2020-12-16 12:24:00,,,,
2020-12-16 12:25:00,,,,
2020-12-16 12:26:00,,,,
2020-12-16 12:27:00,,,,
2020-12-16 12:28:00,,,,
2020-12-16 12:29:00,,,,
2020-12-16 12:30:00,,,,
2020-12-16 12:31:00,,,,
2020-12-16 12:32:00,,,,
2020-12-16 12:33:00,,,,
2020-12-16 12:34:00,,,,
2020-12-16 12:35:00,,,,
2020-12-16 12:36:00,,,,
2020-12-16 12:37:00,,,,
2020-12-16 12:38:00,-0.09000000000003183,-0.06500000000005457,-0.1150000000000091,-0.10000000000002274
2020-12-16 12:39:00,-0.10000000000002274,0.03000000000002956,-0.2300000000000182,-0.06999999999999318
2020-12-16 12:40:00,-0.05500000000000682,-0.015000000000043201,-0.18499999999994543,-0.06500000000005457
2020-12-16 12:41:00,-0.11000000000001364,0.01999999999998181,-0.18500000000000227,-0.17000000000001592
2020-12-16 12:42:00,,,,
2020-12-16 12:43:00,,,,
2020-12-16 12:44:00,,,,
2020-12-16 12:45:00,,,,
2020-12-16 12:46:00,-0.09499999999997044,-0.03499999999996817,-0.214999999999975,-0.160000000000025
2020-12-16 12:47:00,-0.16499999999996362,-0.05000000000006821,-0.20500000000004093,-0.18000000000000682
2020-12-16 12:48:00,-0.29000000000002046,0.125,-0.29000000000002046,-0.12000000000000455
2020-12-16 12:49:00,-0.25499999999999545,0.020000000000095497,-0.27499999999997726,-0.06999999999999318
2020-12-16 12:50:00,-0.07500000000004547,0.009999999999990905,-0.21500000000003183,-0.1400000000000432
2020-12-16 12:51:00,-0.11500000000006594,-0.06500000000005457,-0.20500000000004093,-0.07999999999992724
2020-12-16 12:52:00,-0.07000000000005002,-0.07000000000005002,-0.19500000000005002,-0.09500000000002728
2020-12-16 12:53:00,-0.14500000000003865,-0.08999999999997499,-0.19500000000005002,-0.11000000000001364
2020-12-16 12:54:00,-0.11000000000001364,-0.03000000000002956,-0.18500000000005912,-0.08499999999997954
2020-12-16 12:55:00,-0.09499999999997044,0.014999999999986358,-0.160000000000025,-0.06500000000005457
2020-12-16 12:56:00,-0.03499999999996817,-0.03499999999996817,-0.17000000000001592,-0.09499999999997044
2020-12-16 12:57:00,-0.2949999999999591,-0.04499999999995907,-0.2949999999999591,-0.04499999999995907
2020-12-16 12:58:00,-0.04499999999995907,0.08000000000004093,-0.214999999999975,-0.05000000000001137
2020-12-16 12:59:00,-0.07500000000004547,0.0,-0.17000000000001592,-0.025000000000034106
2020-12-16 13:00:00,,,,
2020-12-16 13:01:00,,,,
2020-12-16 13:02:00,,,,
2020-12-16 13:03:00,-0.06499999999999773,-0.014999999999986358,-0.06999999999999318,-0.06499999999999773
2020-12-16 13:04:00,-0.014999999999986358,-0.014999999999986358,-0.17000000000001592,-0.09000000000003183
2020-12-16 13:05:00,,,,
2020-12-16 13:06:00,,,,
2020-12-16 13:07:00,,,,
2020-12-16 13:08:00,-0.024999999999977263,-0.024999999999977263,-0.024999999999977263,-0.024999999999977263
2020-12-16 13:09:00,-0.024999999999977263,0.04500000000007276,-0.15999999999996817,-0.10499999999996135
2020-12-16 13:10:00,-0.40999999999996817,0.014999999999986358,-0.40999999999996817,-0.1300000000000523
2020-12-16 13:11:00,,,,
2020-12-16 13:12:00,,,,
2020-12-16 13:13:00,,,,
2020-12-16 13:14:00,,,,
2020-12-16 13:15:00,,,,
2020-12-16 13:16:00,,,,
2020-12-16 13:17:00,,,,
2020-12-16 13:18:00,,,,
2020-12-16 13:19:00,,,,
2020-12-16 13:20:00,,,,
2020-12-16 13:21:00,,,,
2020-12-16 13:22:00,,,,
2020-12-16 13:23:00,,,,
2020-12-16 13:24:00,,,,
2020-12-16 13:25:00,,,,
2020-12-16 13:26:00,,,,
2020-12-16 13:27:00,,,,
2020-12-16 13:28:00,,,,
2020-12-16 13:29:00,,,,
2020-12-16 13:30:00,,,,
2020-12-16 13:31:00,,,,
2020-12-16 13:32:00,,,,
2020-12-16 13:33:00,,,,
2020-12-16 13:34:00,,,,
2020-12-16 13:35:00,,,,
2020-12-16 13:36:00,,,,
2020-12-16 13:37:00,,,,
2020-12-16 13:38:00,,,,
2020-12-16 13:39:00,,,,
2020-12-16 13:40:00,,,,
2020-12-16 13:41:00,,,,
2020-12-16 13:42:00,,,,
2020-12-16 13:43:00,,,,
2020-12-16 13:44:00,,,,
2020-12-16 13:45:00,,,,
2020-12-16 13:46:00,,,,
2020-12-16 13:47:00,,,,
2020-12-16 13:48:00,,,,
2020-12-16 13:49:00,,,,
2020-12-16 13:50:00,,,,
2020-12-16 13:51:00,,,,
2020-12-16 13:52:00,,,,
2020-12-16 13:53:00,,,,
2020-12-16 13:54:00,,,,
2020-12-16 13:55:00,,,,
2020-12-16 13:56:00,,,,
2020-12-16 13:57:00,,,,
2020-12-16 13:58:00,,,,
2020-12-16 13:59:00,,,,
2020-12-16 14:00:00,,,,
2020-12-16 14:01:00,,,,
2020-12-16 14:02:00,,,,
2020-12-16 14:03:00,,,,
2020-12-16 14:04:00,,,,
2020-12-16 14:05:00,,,,
2020-12-16 14:06:00,,,,
2020-12-16 14:07:00,,,,
2020-12-16 14:08:00,-0.08500000000003638,-0.029999999999972715,-0.18500000000005912,-0.07999999999998408
2020-12-16 14:09:00,-0.07999999999998408,-0.04499999999995907,-0.19500000000005002,-0.1150000000000091
2020-12-16 14:10:00,-0.14500000000003865,-0.07000000000005002,-0.2449999999999477,-0.14500000000003865
2020-12-16 14:11:00,-0.19000000000005457,-0.14999999999997726,-0.19000000000005457,-0.15500000000002956
2020-12-16 14:12:00,-0.25,0.01999999999998181,-0.25,-0.07499999999998863
2020-12-16 14:13:00,-0.13999999999998636,-0.040000000000020464,-0.14500000000003865,-0.09500000000002728
2020-12-16 14:14:00,,,,
2020-12-16 14:15:00,,,,
2020-12-16 14:16:00,,,,
2020-12-16 14:17:00,,,,
2020-12-16 14:18:00,,,,
2020-12-16 14:19:00,-0.10000000000002274,-0.10000000000002274,-0.3299999999999841,-0.3299999999999841
2020-12-16 14:20:00,-0.3299999999999841,0.0,-0.3299999999999841,-0.12999999999999545
2020-12-16 14:21:00,-0.17999999999994998,0.024999999999977263,-0.20499999999998408,-0.125
2020-12-16 14:22:00,-0.1349999999999909,-0.11000000000001364,-0.15999999999996817,-0.12999999999999545
2020-12-16 14:23:00,,,,
2020-12-16 14:24:00,-0.19499999999999318,-0.12000000000006139,-0.19499999999999318,-0.12000000000006139
2020-12-16 14:25:00,-0.09499999999997044,-0.009999999999990905,-0.09499999999997044,-0.060000000000002274
2020-12-16 14:26:00,,,,
2020-12-16 14:27:00,,,,
2020-12-16 14:28:00,,,,
2020-12-16 14:29:00,,,,
2020-12-16 14:30:00,,,,
2020-12-16 14:31:00,,,,
2020-12-16 14:32:00,,,,
2020-12-16 14:33:00,,,,
2020-12-16 14:34:00,,,,
2020-12-16 14:35:00,,,,
2020-12-16 14:36:00,,,,
2020-12-16 14:37:00,,,,
2020-12-16 14:38:00,,,,
2020-12-16 14:39:00,,,,
2020-12-16 14:40:00,,,,
2020-12-16 14:41:00,,,,
2020-12-16 14:42:00,,,,
2020-12-16 14:43:00,,,,
2020-12-16 14:44:00,,,,
2020-12-16 14:45:00,,,,
2020-12-16 14:46:00,,,,
2020-12-16 14:47:00,,,,
2020-12-16 14:48:00,,,,
2020-12-16 14:49:00,,,,
2020-12-16 14:50:00,,,,
2020-12-16 14:51:00,,,,
2020-12-16 14:52:00,,,,
2020-12-16 14:53:00,-0.009999999999934062,0.06999999999999318,-0.09000000000003183,0.06999999999999318
2020-12-16 14:54:00,,,,
2020-12-16 14:55:00,0.009999999999990905,0.16499999999996362,-0.11000000000001364,0.06500000000005457
2020-12-16 14:56:00,0.10500000000001819,0.1349999999999909,-0.1400000000000432,0.09499999999997044
2020-12-16 14:57:00,-0.009999999999990905,0.125,-0.07999999999998408,-0.05500000000000682
2020-12-16 14:58:00,-0.03499999999996817,0.035000000000081855,-0.049999999999954525,0.035000000000081855
2020-12-16 14:59:00,0.03000000000002956,0.12000000000000455,-0.08000000000004093,-0.05500000000000682
2020-12-16 15:00:00,0.020000000000038654,0.214999999999975,-0.06999999999999318,0.024999999999977263
2020-12-16 15:01:00,0.04000000000007731,0.15499999999997272,-0.07499999999998863,0.03500000000002501
2020-12-16 15:02:00,0.03500000000002501,0.18000000000000682,-0.0049999999999954525,0.09500000000002728
2020-12-16 15:03:00,0.015000000000043201,0.0999999999999659,-0.06499999999994088,0.020000000000038654
2020-12-16 15:04:00,0.11499999999995225,0.19499999999999318,-0.03499999999996817,0.09499999999997044
2020-12-16 15:05:00,,,,
2020-12-16 15:06:00,,,,
2020-12-16 15:07:00,,,,
2020-12-16 15:08:00,,,,
2020-12-16 15:09:00,,,,
2020-12-16 15:10:00,,,,
2020-12-16 15:11:00,,,,
2020-12-16 15:12:00,,,,
2020-12-16 15:13:00,,,,
2020-12-16 15:14:00,,,,
2020-12-16 15:15:00,,,,
2020-12-16 15:16:00,,,,
2020-12-16 15:17:00,,,,
2020-12-16 15:18:00,,,,
2020-12-16 15:19:00,,,,
2020-12-16 15:20:00,,,,
2020-12-16 15:21:00,,,,
2020-12-16 15:22:00,,,,
2020-12-16 15:23:00,,,,
2020-12-16 15:24:00,,,,
2020-12-16 15:25:00,,,,
2020-12-16 15:26:00,,,,
2020-12-16 15:27:00,,,,
2020-12-16 15:28:00,,,,
2020-12-16 15:29:00,,,,
2020-12-16 15:30:00,,,,
2020-12-16 15:31:00,,,,
2020-12-16 15:32:00,,,,
2020-12-16 15:33:00,,,,
2020-12-16 15:34:00,,,,
2020-12-16 15:35:00,,,,
2020-12-16 15:36:00,,,,
2020-12-16 15:37:00,,,,
2020-12-16 15:38:00,0.13999999999998636,0.13999999999998636,0.03000000000002956,0.03000000000002956
2020-12-16 15:39:00,0.01999999999998181,0.11000000000001364,-0.1150000000000091,0.0
2020-12-16 15:40:00,0.0,0.07499999999998863,-0.060000000000002274,0.04500000000007276
2020-12-16 15:41:00,0.04500000000007276,0.04500000000007276,-0.12000000000006139,-0.0049999999999954525
2020-12-16 15:42:00,-0.009999999999990905,-0.009999999999990905,-0.06000000000005912,-0.009999999999990905
2020-12-16 15:43:00,-0.11499999999995225,0.014999999999986358,-0.1150000000000091,-0.06499999999999773
2020-12-16 15:44:00,-0.06499999999999773,-0.010000000000047748,-0.16499999999996362,-0.06000000000005912
2020-12-16 15:45:00,-0.060000000000002274,-0.009999999999990905,-0.13999999999998636,-0.03500000000002501
2020-12-16 15:46:00,-0.045000000000015916,0.004999999999938609,-0.13999999999998636,-0.06500000000005457
2020-12-16 15:47:00,-0.06500000000005457,0.0,-0.0999999999999659,-0.07499999999998863
2020-12-16 15:48:00,,,,
2020-12-16 15:49:00,,,,
2020-12-16 15:50:00,,,,
2020-12-16 15:51:00,,,,
2020-12-16 15:52:00,,,,
2020-12-16 15:53:00,0.0049999999999954525,0.07000000000005002,-0.060000000000002274,0.045000000000015916
2020-12-16 15:54:00,0.045000000000015916,0.19499999999993634,-0.12999999999999545,-0.029999999999972715
2020-12-16 15:55:00,-0.029999999999972715,0.1150000000000091,-0.029999999999972715,0.10500000000001819
2020-12-16 15:56:00,0.01999999999998181,0.07999999999998408,-0.049999999999954525,0.01999999999998181
2020-12-16 15:57:00,0.024999999999977263,0.024999999999977263,-0.040000000000020464,0.0049999999999954525
2020-12-16 15:58:00,0.0049999999999954525,0.08999999999997499,0.0049999999999954525,0.01999999999998181
2020-12-16 15:59:00,0.01999999999998181,0.04499999999995907,0.014999999999986358,0.04499999999995907
2020-12-16 16:00:00,,,,
2020-12-16 16:01:00,,,,
2020-12-16 16:02:00,,,,
2020-12-16 16:03:00,,,,
2020-12-16 16:04:00,1.339999999999975,1.339999999999975,-0.2400000000000091,-0.125
2020-12-16 16:05:00,,,,
2020-12-16 16:06:00,-0.2249999999999659,0.03000000000002956,-0.27499999999997726,-0.15499999999997272
2020-12-16 16:07:00,-0.05500000000000682,-0.05000000000001137,-0.18999999999999773,-0.09500000000002728
2020-12-16 16:08:00,,,,
2020-12-16 16:09:00,,,,
2020-12-16 16:10:00,,,,
2020-12-16 16:11:00,,,,
2020-12-16 16:12:00,,,,
2020-12-16 16:13:00,,,,
2020-12-16 16:14:00,,,,
2020-12-16 16:15:00,,,,
2020-12-16 16:16:00,,,,
2020-12-16 16:17:00,,,,
2020-12-16 16:18:00,,,,
2020-12-16 16:19:00,,,,
2020-12-16 16:20:00,,,,
2020-12-16 16:21:00,,,,
2020-12-16 16:22:00,,,,
2020-12-16 16:23:00,,,,
2020-12-16 16:24:00,,,,
2020-12-16 16:25:00,,,,
2020-12-16 16:26:00,,,,
2020-12-16 16:27:00,,,,
2020-12-16 16:28:00,,,,
2020-12-16 16:29:00,-0.08000000000004093,0.020000000000095497,-0.160000000000025,-0.07499999999998863
2020-12-16 16:30:00,-0.08499999999997954,-0.08499999999997954,-0.12000000000006139,-0.1150000000000091
2020-12-16 16:31:00,,,,
2020-12-16 16:32:00,-0.09500000000002728,-0.01999999999998181,-0.14500000000003865,-0.05000000000001137
2020-12-16 16:33:00,-0.05500000000000682,0.009999999999990905,-0.15500000000002956,-0.07500000000004547
2020-12-16 16:34:00,-0.07500000000004547,0.0,-0.14500000000003865,-0.13999999999998636
2020-12-16 16:35:00,-0.13999999999998636,-0.03000000000002956,-0.20000000000004547,-0.20000000000004547
2020-12-16 16:36:00,-0.20000000000004547,-0.009999999999990905,-0.2249999999999659,-0.10499999999996135
2020-12-16 16:37:00,-0.0999999999999659,0.009999999999990905,-0.14999999999997726,-0.11000000000001364
2020-12-16 16:38:00,-0.11000000000001364,-0.03499999999996817,-0.17500000000001137,-0.07499999999998863
2020-12-16 16:39:00,-0.10000000000002274,-0.08000000000004093,-0.11000000000001364,-0.08500000000003638
2020-12-16 16:40:00,-0.08500000000003638,0.009999999999990905,-0.13999999999998636,-0.13999999999998636
2020-12-16 16:41:00,,,,
2020-12-16 16:42:00,,,,
2020-12-16 16:43:00,,,,
2020-12-16 16:44:00,,,,
2020-12-16 16:45:00,,,,
2020-12-16 16:46:00,-0.17500000000001137,-0.08500000000003638,-0.28500000000008185,-0.17500000000001137
2020-12-16 16:47:00,-0.17500000000001137,-0.004999999999938609,-0.21999999999997044,-0.12000000000000455
2020-12-16 16:48:00,-0.18000000000000682,-0.08499999999997954,-0.4700000000000273,-0.4700000000000273
2020-12-16 16:49:00,-0.17000000000001592,-0.0999999999999659,-0.21500000000003183,-0.16999999999995907
2020-12-16 16:50:00,,,,
2020-12-16 16:51:00,-0.20999999999997954,-0.09500000000002728,-0.22000000000002728,-0.1349999999999909
2020-12-16 16:52:00,-0.1349999999999909,-0.04499999999995907,-0.25499999999999545,-0.15500000000002956
2020-12-16 16:53:00,,,,
2020-12-16 16:54:00,,,,
2020-12-16 16:55:00,,,,
2020-12-16 16:56:00,,,,
2020-12-16 16:57:00,,,,
2020-12-16 16:58:00,,,,
2020-12-16 16:59:00,,,,
2020-12-16 17:00:00,,,,
2020-12-16 17:01:00,,,,
2020-12-16 17:02:00,,,,
2020-12-16 17:03:00,,,,
2020-12-16 17:04:00,,,,
2020-12-16 17:05:00,,,,
2020-12-16 17:06:00,,,,
2020-12-16 17:07:00,,,,
2020-12-16 17:08:00,,,,
2020-12-16 17:09:00,,,,
2020-12-16 17:10:00,,,,
2020-12-16 17:11:00,,,,
2020-12-16 17:12:00,,,,
2020-12-16 17:13:00,,,,
2020-12-16 17:14:00,,,,
2020-12-16 17:15:00,,,,
2020-12-16 17:16:00,,,,
2020-12-16 17:17:00,,,,
2020-12-16 17:18:00,-0.23999999999995225,-0.1099999999999568,-0.2950000000000159,-0.22500000000002274
2020-12-16 17:19:00,-0.22500000000002274,-0.06499999999999773,-0.24999999999994316,-0.214999999999975
2020-12-16 17:20:00,,,,
2020-12-16 17:21:00,-0.20000000000004547,-0.05500000000000682,-0.24500000000000455,-0.060000000000002274
2020-12-16 17:22:00,,,,
2020-12-16 17:23:00,-0.18999999999999773,-0.06499999999999773,-0.20999999999997954,-0.13999999999998636
2020-12-16 17:24:00,,,,
2020-12-16 17:25:00,,,,
2020-12-16 17:26:00,,,,
2020-12-16 17:27:00,,,,
2020-12-16 17:28:00,,,,
2020-12-16 17:29:00,,,,
2020-12-16 17:30:00,,,,
2020-12-16 17:31:00,,,,
2020-12-16 17:32:00,,,,
2020-12-16 17:33:00,,,,
2020-12-16 17:34:00,,,,
2020-12-16 17:35:00,,,,
2020-12-16 17:36:00,,,,
2020-12-16 17:37:00,,,,
2020-12-16 17:38:00,,,,
2020-12-16 17:39:00,,,,
2020-12-16 17:40:00,,,,
2020-12-16 17:41:00,,,,
2020-12-16 17:42:00,,,,
2020-12-16 17:43:00,,,,
2020-12-16 17:44:00,,,,
2020-12-16 17:45:00,,,,
2020-12-16 17:46:00,,,,
2020-12-16 17:47:00,,,,
2020-12-16 17:48:00,,,,
2020-12-16 17:49:00,,,,
2020-12-16 17:50:00,,,,
2020-12-16 17:51:00,,,,
2020-12-16 17:52:00,,,,
2020-12-16 17:53:00,,,,
2020-12-16 17:54:00,,,,
2020-12-16 17:55:00,,,,
2020-12-16 17:56:00,,,,
2020-12-16 17:57:00,,,,
2020-12-16 17:58:00,,,,
2020-12-16 17:59:00,-0.19999999999998863,-0.07999999999992724,-0.2799999999999727,-0.2349999999999568
2020-12-16 18:00:00,,,,
2020-12-16 18:01:00,,,,
2020-12-16 18:02:00,-0.18999999999994088,-0.09499999999997044,-0.19499999999993634,-0.14999999999997726
2020-12-16 18:03:00,,,,
2020-12-16 18:04:00,,,,
2020-12-16 18:05:00,,,,
2020-12-16 18:06:00,-0.18499999999994543,-0.07999999999998408,-0.26499999999998636,-0.20499999999998408
2020-12-16 18:07:00,,,,
2020-12-16 18:08:00,-0.1150000000000091,-0.045000000000015916,-0.12000000000000455,-0.045000000000015916
2020-12-16 18:09:00,,,,
2020-12-16 18:10:00,,,,
2020-12-16 18:11:00,0.015000000000043201,0.040000000000020464,-0.18999999999999773,-0.1150000000000091
2020-12-16 18:12:00,,,,
2020-12-16 18:13:00,,,,
2020-12-16 18:14:00,-0.014999999999986358,0.43499999999994543,-0.13999999999998636,0.10000000000002274
2020-12-16 18:15:00,-0.08499999999997954,-0.009999999999990905,-0.14999999999997726,-0.14999999999997726
2020-12-16 18:16:00,,,,
2020-12-16 18:17:00,,,,
2020-12-16 18:18:00,,,,
2020-12-16 18:19:00,0.01999999999998181,0.01999999999998181,0.01999999999998181,0.01999999999998181
2020-12-16 18:20:00,,,,
2020-12-16 18:21:00,,,,
2020-12-16 18:22:00,,,,
2020-12-16 18:23:00,,,,
2020-12-16 18:24:00,,,,
2020-12-16 18:25:00,,,,
2020-12-16 18:26:00,,,,
2020-12-16 18:27:00,,,,
2020-12-16 18:28:00,,,,
2020-12-16 18:29:00,,,,
2020-12-16 18:30:00,,,,
2020-12-16 18:31:00,,,,
2020-12-16 18:32:00,,,,
2020-12-16 18:33:00,,,,
2020-12-16 18:34:00,,,,
2020-12-16 18:35:00,,,,
2020-12-16 18:36:00,,,,
2020-12-16 18:37:00,,,,
2020-12-16 18:38:00,,,,
2020-12-16 18:39:00,,,,
2020-12-16 18:40:00,,,,
2020-12-16 18:41:00,,,,
2020-12-16 18:42:00,,,,
2020-12-16 18:43:00,,,,
2020-12-16 18:44:00,,,,
2020-12-16 18:45:00,,,,
2020-12-16 18:46:00,,,,
2020-12-16 18:47:00,,,,
2020-12-16 18:48:00,,,,
2020-12-16 18:49:00,,,,
2020-12-16 18:50:00,,,,
2020-12-16 18:51:00,,,,
2020-12-16 18:52:00,,,,
2020-12-16 18:53:00,,,,
2020-12-16 18:54:00,,,,
2020-12-16 18:55:00,,,,
2020-12-16 18:56:00,,,,
2020-12-16 18:57:00,,,,
2020-12-16 18:58:00,,,,
2020-12-16 18:59:00,,,,
2020-12-16 19:00:00,,,,
2020-12-16 19:01:00,,,,
2020-12-16 19:02:00,,,,
2020-12-16 19:03:00,,,,
2020-12-16 19:04:00,,,,
2020-12-16 19:05:00,,,,
2020-12-16 19:06:00,,,,
2020-12-16 19:07:00,,,,
2020-12-16 19:08:00,,,,
2020-12-16 19:09:00,,,,
2020-12-16 19:10:00,,,,
2020-12-16 19:11:00,,,,
2020-12-16 19:12:00,,,,
2020-12-16 19:13:00,,,,
2020-12-16 19:14:00,,,,
2020-12-16 19:15:00,,,,
2020-12-16 19:16:00,,,,
2020-12-16 19:17:00,,,,
2020-12-16 19:18:00,,,,
2020-12-16 19:19:00,,,,
2020-12-16 19:20:00,,,,
2020-12-16 19:21:00,,,,
2020-12-16 19:22:00,,,,
2020-12-16 19:23:00,,,,
2020-12-16 19:24:00,,,,
2020-12-16 19:25:00,,,,
2020-12-16 19:26:00,,,,
2020-12-16 19:27:00,,,,
2020-12-16 19:28:00,,,,
2020-12-16 19:29:00,,,,
2020-12-16 19:30:00,-0.05500000000000682,-0.01999999999998181,-0.1449999999999818,-0.11000000000001364
2020-12-16 19:31:00,-0.18500000000000227,0.015000000000043201,-0.18500000000000227,-0.05000000000001137
2020-12-16 19:32:00,,,,
2020-12-16 19:33:00,0.13500000000004775,0.13500000000004775,-0.16499999999996362,-0.10499999999996135
2020-12-16 19:34:00,-0.10499999999996135,-0.10499999999996135,-0.12999999999999545,-0.12999999999999545
2020-12-16 19:35:00,,,,
2020-12-16 19:36:00,,,,
2020-12-16 19:37:00,-0.05000000000001137,0.025000000000034106,-0.2249999999999659,-0.15499999999997272
2020-12-16 19:38:00,,,,
2020-12-16 19:39:00,-0.049999999999954525,0.025000000000034106,-0.27000000000003865,-0.11000000000001364
2020-12-16 19:40:00,,,,
2020-12-16 19:41:00,,,,
2020-12-16 19:42:00,,,,
2020-12-16 19:43:00,,,,
2020-12-16 19:44:00,,,,
2020-12-16 19:45:00,,,,
2020-12-16 19:46:00,,,,
2020-12-16 19:47:00,,,,
2020-12-16 19:48:00,,,,
2020-12-16 19:49:00,,,,
2020-12-16 19:50:00,,,,
2020-12-16 19:51:00,,,,
2020-12-16 19:52:00,,,,
2020-12-16 19:53:00,,,,
2020-12-16 19:54:00,,,,
2020-12-16 19:55:00,,,,
2020-12-16 19:56:00,,,,
2020-12-16 19:57:00,,,,
2020-12-16 19:58:00,,,,
2020-12-16 19:59:00,,,,
2020-12-16 20:00:00,,,,
2020-12-16 20:01:00,,,,
2020-12-16 20:02:00,,,,
2020-12-16 20:03:00,,,,
2020-12-16 20:04:00,,,,
2020-12-16 20:05:00,,,,
2020-12-16 20:06:00,-0.16499999999996362,-0.049999999999954525,-0.28000000000002956,-0.1449999999999818
2020-12-16 20:07:00,,,,
2020-12-16 20:08:00,,,,
2020-12-16 20:09:00,,,,
2020-12-16 20:10:00,,,,
2020-12-16 20:11:00,,,,
2020-12-16 20:12:00,-0.2650000000000432,-0.2650000000000432,-0.2800000000000864,-0.2800000000000864
2020-12-16 20:13:00,-0.8100000000000591,-0.040000000000020464,-0.8100000000000591,-0.1449999999999818
2020-12-16 20:14:00,-0.17999999999994998,-0.040000000000020464,-0.27500000000009095,-0.040000000000020464
2020-12-16 20:15:00,,,,
2020-12-16 20:16:00,,,,
2020-12-16 20:17:00,,,,
2020-12-16 20:18:00,,,,
2020-12-16 20:19:00,,,,
2020-12-16 20:20:00,,,,
2020-12-16 20:21:00,,,,
2020-12-16 20:22:00,,,,
2020-12-16 20:23:00,,,,
2020-12-16 20:24:00,,,,
2020-12-16 20:25:00,,,,
2020-12-16 20:26:00,,,,
2020-12-16 20:27:00,,,,
2020-12-16 20:28:00,,,,
2020-12-16 20:29:00,,,,
2020-12-16 20:30:00,,,,
2020-12-16 20:31:00,,,,
2020-12-16 20:32:00,-0.035000000000081855,0.08999999999997499,-0.05999999999994543,0.0049999999999954525
2020-12-16 20:33:00,,,,
2020-12-16 20:34:00,0.5099999999999909,0.5099999999999909,-0.08999999999997499,-0.07000000000005002
2020-12-16 20:35:00,,,,
2020-12-16 20:36:00,0.4149999999999636,0.4149999999999636,0.020000000000038654,0.020000000000038654
2020-12-16 20:37:00,-0.009999999999990905,0.03500000000002501,-0.09000000000003183,0.03500000000002501
2020-12-16 20:38:00,0.014999999999986358,0.025000000000034106,-0.06000000000005912,0.025000000000034106
2020-12-16 20:39:00,0.01999999999998181,0.020000000000038654,-0.07999999999998408,-0.07999999999998408
2020-12-16 20:40:00,,,,
2020-12-16 20:41:00,,,,
2020-12-16 20:42:00,,,,
2020-12-16 20:43:00,,,,
2020-12-16 20:44:00,,,,
2020-12-16 20:45:00,,,,
2020-12-16 20:46:00,,,,
2020-12-16 20:47:00,,,,
2020-12-16 20:48:00,,,,
2020-12-16 20:49:00,,,,
2020-12-16 20:50:00,,,,
2020-12-16 20:51:00,,,,
2020-12-16 20:52:00,,,,
2020-12-16 20:53:00,,,,
2020-12-16 20:54:00,,,,
2020-12-16 20:55:00,,,,
2020-12-16 20:56:00,,,,
2020-12-16 20:57:00,-0.045000000000015916,0.014999999999986358,-0.125,-0.09999999999990905
2020-12-16 20:58:00,0.0,0.035000000000081855,-0.13999999999998636,0.035000000000081855
2020-12-16 20:59:00,,,,
2020-12-16 21:00:00,-0.1349999999999909,-0.03499999999996817,-0.20999999999997954,-0.125
2020-12-16 21:01:00,-0.125,0.060000000000002274,-0.23999999999995225,-0.21499999999991815
2020-12-16 21:02:00,-0.21999999999997044,-0.009999999999990905,-0.3599999999999568,-0.19999999999998863
2020-12-16 21:03:00,,,,
2020-12-16 21:04:00,,,,
2020-12-16 21:05:00,-0.19499999999999318,-0.15499999999997272,-0.20499999999998408,-0.18000000000000682
2020-12-16 21:06:00,,,,
2020-12-16 21:07:00,-0.17999999999994998,-0.06500000000005457,-0.2400000000000091,-0.1150000000000091
2020-12-16 21:08:00,,,,
2020-12-16 21:09:00,,,,
2020-12-16 21:10:00,,,,
2020-12-16 21:11:00,,,,
2020-12-16 21:12:00,,,,
2020-12-16 21:13:00,,,,
2020-12-16 21:14:00,,,,
2020-12-16 21:15:00,,,,
2020-12-16 21:16:00,,,,
2020-12-16 21:17:00,,,,
2020-12-16 21:18:00,,,,
2020-12-16 21:19:00,,,,
2020-12-16 21:20:00,,,,
2020-12-16 21:21:00,,,,
2020-12-16 21:22:00,,,,
2020-12-16 21:23:00,,,,
2020-12-16 21:24:00,,,,
2020-12-16 21:25:00,,,,
2020-12-16 21:26:00,,,,
2020-12-16 21:27:00,,,,
2020-12-16 21:28:00,,,,
2020-12-16 21:29:00,,,,
2020-12-16 21:30:00,,,,
2020-12-16 21:31:00,,,,
2020-12-16 21:32:00,,,,
2020-12-16 21:33:00,-0.14500000000003865,-0.025000000000034106,-0.18500000000000227,-0.12999999999999545
2020-12-16 21:34:00,,,,
2020-12-16 21:35:00,-0.1199999999999477,-0.03000000000002956,-0.20499999999998408,-0.05000000000006821
2020-12-16 21:36:00,-0.12999999999999545,-0.005000000000052296,-0.20999999999997954,-0.025000000000034106
2020-12-16 21:37:00,-0.025000000000034106,0.055000000000063665,-0.17500000000001137,-0.040000000000020464
2020-12-16 21:38:00,,,,
2020-12-16 21:39:00,,,,
2020-12-16 21:40:00,,,,
2020-12-16 21:41:00,,,,
2020-12-16 21:42:00,,,,
2020-12-16 21:43:00,,,,
2020-12-16 21:44:00,,,,
2020-12-16 21:45:00,,,,
2020-12-16 21:46:00,,,,
2020-12-16 21:47:00,,,,
2020-12-16 21:48:00,,,,
2020-12-16 21:49:00,,,,
2020-12-16 21:50:00,,,,
2020-12-16 21:51:00,,,,
2020-12-16 21:52:00,,,,
2020-12-16 21:53:00,,,,
2020-12-16 21:54:00,,,,
2020-12-16 21:55:00,,,,
2020-12-16 21:56:00,,,,
2020-12-16 21:57:00,,,,
2020-12-16 21:58:00,,,,
2020-12-16 21:59:00,,,,
2020-12-16 22:00:00,,,,
2020-12-16 22:01:00,0.36000000000001364,0.36000000000001364,0.15499999999997272,0.22500000000002274
2020-12-16 22:02:00,,,,
2020-12-16 22:03:00,,,,
2020-12-16 22:04:00,,,,
2020-12-16 22:05:00,,,,
2020-12-16 22:06:00,,,,
2020-12-16 22:07:00,,,,
2020-12-16 22:08:00,,,,
2020-12-16 22:09:00,,,,
2020-12-16 22:10:00,,,,
2020-12-16 22:11:00,,,,
2020-12-16 22:12:00,,,,
2020-12-16 22:13:00,,,,
2020-12-16 22:14:00,,,,
2020-12-16 22:15:00,,,,
2020-12-16 22:16:00,,,,
2020-12-16 22:17:00,,,,
2020-12-16 22:18:00,,,,
2020-12-16 22:19:00,,,,
2020-12-16 22:20:00,-0.46999999999997044,0.24999999999994316,-0.5599999999999454,-0.009999999999990905
2020-12-16 22:21:00,,,,
2020-12-16 22:22:00,,,,
2020-12-16 22:23:00,,,,
2020-12-16 22:24:00,,,,
2020-12-16 22:25:00,,,,
2020-12-16 22:26:00,,,,
2020-12-16 22:27:00,,,,
2020-12-16 22:28:00,,,,
2020-12-16 22:29:00,,,,
2020-12-16 22:30:00,,,,
2020-12-16 22:31:00,,,,
2020-12-16 22:32:00,,,,
2020-12-16 22:33:00,,,,
2020-12-16 22:34:00,,,,
2020-12-16 22:35:00,,,,
2020-12-16 22:36:00,,,,
2020-12-16 22:37:00,,,,
2020-12-16 22:38:00,,,,
2020-12-16 22:39:00,1.1400000000000432,1.1400000000000432,-0.014999999999986358,0.045000000000015916
2020-12-16 22:40:00,,,,
2020-12-16 22:41:00,,,,
2020-12-16 22:42:00,,,,
2020-12-16 22:43:00,,,,
2020-12-16 22:44:00,,,,
2020-12-16 22:45:00,,,,
2020-12-16 22:46:00,,,,
2020-12-16 22:47:00,,,,
2020-12-16 22:48:00,,,,
2020-12-16 22:49:00,,,,
2020-12-16 22:50:00,,,,
2020-12-16 22:51:00,,,,
2020-12-16 22:52:00,,,,
2020-12-16 22:53:00,,,,
2020-12-16 22:54:00,,,,
2020-12-16 22:55:00,,,,
2020-12-16 22:56:00,,,,
2020-12-16 22:57:00,,,,
2020-12-16 22:58:00,,,,
2020-12-16 22:59:00,0.049999999999954525,0.125,0.049999999999954525,0.125
2020-12-16 23:00:00,,,,
2020-12-16 23:01:00,0.18500000000005912,0.25,-0.07000000000005002,-0.07000000000005002
